train_dataset,pheno,num_train,r_med,r_lower,r_upper,mae_med,mae_lower,mae_upper,p_mae_gt
abcd,age,20,0.0259750027944927,-0.0685976698843302,0.0953393650133849,6.66956268181155,6.444375435237411,7.13593492780193,0.002
abcd,age,25,0.03289744146948,-0.071039990735776,0.1080999721846696,6.635021868069679,6.410552060276387,7.061573216562705,0.002
abcd,age,32,0.0357034312573414,-0.0700384562427229,0.1027169480202744,6.685597489843929,6.415311297808735,7.110533881152439,0.002
abcd,age,41,0.0414705956967994,-0.0585204730388115,0.1163772713129238,6.687099941652951,6.432693230108653,7.025117986984579,0.002
abcd,age,52,0.0351314416410691,-0.0574559875972148,0.1192843373493905,6.700758634853749,6.438345780839012,7.149137119803211,0.002
abcd,age,67,0.0431156856550266,-0.0363010362011442,0.1215351169638893,6.687832469610088,6.47858509473235,7.041740506314556,0.002
abcd,age,85,0.050120512050353,-0.0251752590308053,0.1267142665046937,6.692247230504519,6.4870573470057975,7.110604881916581,0.002
abcd,age,108,0.0561449580459891,-0.0146892226718846,0.1303414144804861,6.757740078557254,6.4930014354920615,7.000751406919125,0.002
abcd,age,137,0.0580142210802942,0.0017762520268254,0.1348113172575182,6.770503704670263,6.521929052229887,7.077605906750327,0.002
abcd,age,174,0.0676071891365269,-0.0019559930806704,0.1333971935633618,6.749252550922801,6.484020551873982,7.056281289685106,0.002
abcd,age,221,0.0766885476446658,0.022565042969133,0.1407994595705529,6.790279868232652,6.494912008140551,7.103395091996842,0.002
abcd,age,281,0.0842022364706588,0.0198414109249277,0.1349687262377527,6.792237109205788,6.479251712482681,7.164570019046973,0.002
abcd,age,358,0.0984536891206886,0.048026172627779,0.1492814791803493,6.690961697824651,6.443801063047297,7.092843338848215,0.002
abcd,age,455,0.1136708690000631,0.0670488656379734,0.1799621952366688,6.595810309136499,6.41680718993435,7.051490028314747,0.002
abcd,age,578,0.1233332932875226,0.0570676576532596,0.1752341504980324,6.577828319041384,6.394925160813332,7.073448515106006,0.002
abcd,age,735,0.1335061525696622,0.0840049558556939,0.1778808714009102,6.546463426848076,6.341691010473984,6.722766371314755,0.002
abcd,age,935,0.1431210076507308,0.0966278260233417,0.1949072277615403,6.521227062109032,6.319626873268165,6.689938827536947,0.002
abcd,age,1189,0.1487908370256888,0.107876613226289,0.1989361778941992,6.495325644701376,6.328736887619065,6.685780014239424,0.002
abcd,age,1512,0.1558354479027168,0.1169359335431724,0.2031471545906221,6.481529101616468,6.317649252491856,6.648569610861196,0.002
abcd,age,1923,0.1710816926821997,0.1211998413000056,0.2093974067534978,6.450649818592938,6.300599689659799,6.650227027998628,0.002
abcd,age,2446,0.1740155600753873,0.125045559949816,0.2227968558665474,6.4295903711354185,6.28871169096212,6.610544248898136,0.002
abcd,age,3110,0.1772763288194745,0.1344863787112725,0.2315543995878996,6.412238277473195,6.252581583733005,6.570875865800433,0.002
abcd,age,3955,0.1858926794710913,0.1439945329187624,0.2381802066050649,6.399116064522048,6.23420205028813,6.544101378187221,0.002
abcd,age,5030,0.1993339689174611,0.1465754371104875,0.2442408221086729,6.388879479027027,6.2272407899673885,6.552825508475964,0.002
abcd,age,6396,0.2041582349535157,0.1645172701698426,0.2480168185742866,6.365642057926747,6.203303319147164,6.534096851748533,0.002
hbn,age,20,0.3806686287220914,0.1706972050716055,0.5273807335683935,33.07069622094669,28.861489853451555,38.14180338026495,0.002
hbn,age,25,0.3940344495135695,0.1338549993611176,0.5223565384374457,32.39720076589476,28.455748620927388,37.651295709593846,0.002
hbn,age,32,0.4228336131155384,0.184315207163679,0.5944238936492018,31.538778904245877,27.643634088769936,36.04902091622783,0.002
hbn,age,41,0.443670741134165,0.3500318650865411,0.5842520162681801,30.66294461827271,26.996091701952835,35.76493036226954,0.002
hbn,age,52,0.4728844202174239,0.3676470071392499,0.61180530368143,29.555309096468616,26.07284701013612,35.20053410384394,0.002
hbn,age,67,0.5052244532972106,0.3980352609004071,0.6054116823480631,28.96389536133785,25.936772439047147,32.078364819965664,0.002
hbn,age,85,0.5312315148336665,0.4218850265441269,0.6325333650684588,28.473204392566984,25.19803980235477,31.56839256790168,0.002
hbn,age,108,0.5423365323731753,0.4514945137474377,0.6383964589026233,27.78462914459638,24.40934170768167,30.627023365836397,0.002
hbn,age,137,0.5676584953062691,0.4452620816103337,0.6536870974009188,27.08949614832267,23.72859733945994,30.103766165677555,0.002
hbn,age,174,0.5847599454701309,0.4766518165049693,0.6628164968080246,26.837181731773075,23.370048316613023,29.805517281880544,0.002
hbn,age,221,0.5920348595648943,0.5116341898831517,0.6638848607518747,26.553898947074,23.73834889919184,29.469677583103625,0.002
hbn,age,281,0.6058095808141231,0.5188739402003195,0.6847796861494202,26.174305056301115,23.24915482413001,28.814635388284398,0.002
hbn,age,358,0.6263745275082517,0.5539436538206552,0.6947826402560688,25.652828950619337,22.429093071680168,28.078589198522124,0.002
hbn,age,455,0.6382777142291522,0.5726184636850237,0.7062883812736153,25.18658956249781,22.609842320165985,27.61948214698033,0.002
hbn,age,578,0.6525564813122999,0.5887346367773183,0.7260389938322067,24.71341163807012,22.350821734237336,27.091237367163707,0.002
hbn,age,735,0.6695163746501649,0.5990503075019413,0.734299254696419,24.26214637192332,21.954715103598502,26.25462021063201,0.002
hbn,age,935,0.6775560778554375,0.6108053174522572,0.7385589796642312,24.051772767218324,21.74315290305392,26.14263957753406,0.002
hbn,age,1001,0.682142626414026,0.6219043570688981,0.7340245065244435,23.96809910518558,21.49868438952256,25.97867441931841,0.002
hcpd,age,20,0.57909564352301,0.3398739484942286,0.7180317827615493,36.11378882355969,27.39659527130432,44.228382029586896,0.002
hcpd,age,25,0.5790068472792215,0.3829291887211715,0.7283696574043803,35.50959136497764,27.064424052411653,42.98792748327647,0.002
hcpd,age,32,0.5927143005051279,0.4298082771739181,0.7342356585117356,32.8922278322825,25.90903506579549,42.32221184334709,0.002
hcpd,age,41,0.6190768775104671,0.4284876929835137,0.7413287377861679,30.794453741876737,25.43439046862141,39.92611458992042,0.002
hcpd,age,52,0.6406649543418601,0.4117157791353423,0.7716379459514983,29.386008898541345,24.903117226390776,39.294105353379365,0.002
hcpd,age,67,0.6728199286832439,0.4484438766063245,0.7640888807098388,28.007822422720988,23.621462976099643,37.40555510893528,0.002
hcpd,age,85,0.6845588334831272,0.5023986497684996,0.7960333126507132,27.387875927076223,22.749849962044784,36.04060150418931,0.002
hcpd,age,108,0.7072745405446887,0.5543870753194549,0.8130755584465189,26.28350279267581,22.65712559447781,34.34114313920013,0.002
hcpd,age,137,0.7118562661988084,0.5352896288710799,0.8218767096117529,25.80569578441422,22.294522763352838,32.89024091035381,0.002
hcpd,age,174,0.7345231996188606,0.6105487005567789,0.8234959163310329,25.343594158510975,21.7572834283108,31.252108872137107,0.002
hcpd,age,221,0.7369655082956053,0.6330308317361695,0.8311485952356988,24.769807489515856,21.39567466833508,30.00151801556888,0.002
hcpd,age,281,0.7522612057264008,0.6491646690791059,0.8445006373933156,24.42674109595596,20.68172030937092,29.43308155912128,0.002
hcpd,age,358,0.7613928320772827,0.6559659271654269,0.8379173286723485,23.96949776413476,20.1888648645284,28.007627116272072,0.002
hcpd,age,455,0.7669631489940847,0.6769402347097312,0.8498169794851997,23.493923441175035,20.07108714022771,27.424179333671518,0.002
hcpd,age,499,0.7688543936031131,0.6872960816209195,0.8496201718615726,23.299052096425104,19.46618709151996,27.56177177635548,0.002
pnc,age,20,0.2813233960847534,-0.0339499685035127,0.4165970024719104,33.69812999721493,30.566085037270035,37.05084360126261,0.002
pnc,age,25,0.3006478251051257,-0.0089707418334026,0.4445436589567081,33.46366891070609,30.10195648626937,36.71737348183383,0.002
pnc,age,32,0.3219333132914205,0.0865687664667528,0.4510052693884333,32.99806056975184,29.26815814368184,36.42921692239632,0.002
pnc,age,41,0.3453061562063335,0.147346330508788,0.4622362947206287,32.2310668618065,29.00866917520284,35.92070676203358,0.002
pnc,age,52,0.3551159195779081,0.2095480309303204,0.4924206953099224,31.72200217251718,28.96327496331344,35.4850409611437,0.002
pnc,age,67,0.3815332657333536,0.2386742551060391,0.511053639708085,30.84987441026169,28.372608381148908,35.16329100243295,0.002
pnc,age,85,0.3971745457387975,0.258364954563538,0.5527613990732815,30.79816217681412,28.65960531738887,35.03585976199295,0.002
pnc,age,108,0.4064079098684889,0.293924401156022,0.5566296117064639,30.523276009263263,27.80943701513264,33.73733068502409,0.002
pnc,age,137,0.4401621432017936,0.3094364122730255,0.5451113038601192,29.96781650792743,27.631562467204112,33.25901064972492,0.002
pnc,age,174,0.439810796686185,0.3149098294958612,0.5745648213985045,30.04773071595698,26.85762220146287,33.03052749833656,0.002
pnc,age,221,0.4632352509142422,0.3056411578746599,0.5761989927142044,29.71981596197775,26.57115809518101,32.64569814477637,0.002
pnc,age,281,0.4798040229906511,0.3244834858794765,0.5942722511061707,29.521309749516416,26.90641508348969,32.61651735546836,0.002
pnc,age,358,0.5033660290993107,0.3488543269133026,0.5891373031770764,28.998292722070808,26.597601495855567,32.21551853343058,0.002
pnc,age,455,0.5125622949964823,0.3672149943697517,0.6143704017073813,28.58053702289636,26.172780404630657,32.165013581762125,0.002
pnc,age,578,0.5233872866177189,0.4262184112900419,0.5992383325004479,28.447547879902515,26.03459302229501,31.53382816741563,0.002
pnc,age,735,0.5384504514710058,0.4343294553114038,0.6015741357432048,28.214344411264246,25.92865852931074,31.054631929414047,0.002
pnc,age,935,0.5402163066317811,0.4471224231540909,0.616014135229855,28.179046757809488,26.155208561300128,30.71442348037668,0.002
pnc,age,979,0.5440111444241256,0.4297916853760172,0.6182202064058107,28.19537340505984,26.042313033233984,30.621867635226582,0.002
abcd,mr,20,0.0194885033209463,-0.0674273289986571,0.1417860102544692,2.9556887486250694,2.8277191096333976,3.2575270301244394,0.002
abcd,mr,25,0.025903072256205,-0.0817995377067867,0.1301290974073657,2.9316001815448702,2.818374681497273,3.178809593184456,0.002
abcd,mr,32,0.0363892580649114,-0.0656222021333713,0.1177640088023737,2.927561258773761,2.8170282551788293,3.1195532356603297,0.002
abcd,mr,41,0.0347290939141792,-0.0344152112829771,0.1186394389851791,2.938753943748256,2.81063569623159,3.09714655052935,0.002
abcd,mr,52,0.0479264232497956,-0.0374141729246247,0.1387541133209806,2.9382422954905185,2.814752849712414,3.13104500531624,0.002
abcd,mr,67,0.051551690592338,-0.0383728030038686,0.1355069874115523,2.948286089377314,2.8216119299056066,3.115191735820472,0.002
abcd,mr,85,0.0507030219214478,-0.01091846328404,0.1376946346939828,2.946178652031982,2.8304801652533325,3.2008195192703224,0.002
abcd,mr,108,0.0666701641732695,-0.0127163369850691,0.1303477587580467,2.9565848578729046,2.8162451117459097,3.181363933529856,0.002
abcd,mr,137,0.0682404670405131,0.0073075923491294,0.1432880847427509,2.981451742705942,2.8123284256467613,3.1722163311025566,0.002
abcd,mr,174,0.0828982617685413,0.0108585620220946,0.1388319106691535,2.971185520626232,2.8235433100569085,3.176564911600336,0.002
abcd,mr,221,0.0873284483399307,0.0348607505275173,0.152590329922711,2.9866841390486307,2.836005610491222,3.22154501117055,0.002
abcd,mr,281,0.1007660530749443,0.0331488668522296,0.1646610476621702,2.975981290252756,2.841180919055528,3.230002188083293,0.002
abcd,mr,358,0.109783724974701,0.050609073306739,0.1694565292708308,2.9694156142137857,2.848651557534632,3.253281999760081,0.002
abcd,mr,455,0.122157173871394,0.0637484674536143,0.1780444000573794,2.964164196493212,2.8374872308083097,3.113935295049472,0.002
abcd,mr,578,0.1351837074774629,0.0831440428462094,0.1927528483344703,2.953733986578073,2.8365726057290184,3.085730886879297,0.002
abcd,mr,735,0.1474310470019006,0.1029171904632944,0.197436642107441,2.945327236510818,2.847865623361646,3.0669657375895825,0.002
abcd,mr,935,0.1575718627267088,0.0999249491839459,0.2048360298413083,2.931204964523122,2.843119602042324,3.0585140959010366,0.002
abcd,mr,1189,0.167244636062113,0.1139954080619628,0.2211489734164717,2.9215681269404303,2.838939920194881,3.0533890821730374,0.002
abcd,mr,1512,0.1795740610846489,0.1299822447606281,0.235960978561216,2.9181673232918484,2.8056403109537835,3.026249874410219,0.002
abcd,mr,1923,0.1950022421390233,0.1411684751190985,0.2363760490300874,2.89733684112389,2.7995847731360723,3.0058160723298357,0.002
abcd,mr,2446,0.198930067922118,0.1628629853738877,0.2538747026082775,2.8865705580097245,2.7900162424119825,3.0118659489227704,0.002
abcd,mr,3110,0.2115796519241167,0.163635680328342,0.2565259458340412,2.8642159900806634,2.7663238920611417,2.971590445291577,0.002
abcd,mr,3955,0.2179447861316675,0.1745039721942683,0.2624551930093415,2.8415564466637826,2.74534740733326,2.960045597848591,0.002
abcd,mr,5030,0.2298439568341208,0.1910934844680324,0.2707682595295178,2.8266634698588438,2.7247830698795736,2.939530800575654,0.002
abcd,mr,6246,0.2371230472818486,0.1959400722717927,0.279860508949538,2.8153948027152653,2.700688712535403,2.9379947536050284,0.002
hbn,mr,20,0.1034904854694522,-0.2272822875202061,0.3246265114932746,3.566085541807157,3.264408684691458,3.921313198342993,0.0022
hbn,mr,25,0.1186590539713512,-0.1650725666653875,0.336943804164951,3.541033049479031,3.2493051684953222,3.919468250939937,0.0022
hbn,mr,32,0.1465965940210952,-0.1801780860111826,0.3420876273430939,3.5572392895418927,3.258369058833766,3.903625956133759,0.0022
hbn,mr,41,0.1522537523445848,-0.1249283105341292,0.3411790439898676,3.5271191385074943,3.2198332016704536,3.865406876663649,0.0022
hbn,mr,52,0.1684212431381334,-0.0611256715921063,0.3406158662784452,3.5054275111334783,3.2178382808119417,3.8029094609124954,0.0022
hbn,mr,67,0.1784239741651085,-0.0502894670831375,0.3375708156278749,3.5058564665633085,3.171084467109013,3.8256586340195295,0.0022
hbn,mr,85,0.1885962112014187,-0.0338372067944424,0.3481676644246718,3.49219687652532,3.158010048176568,3.7659179545056687,0.0022
hbn,mr,108,0.2022016984951195,0.0080561509448396,0.3656891247373318,3.4685912969325576,3.1646612180278555,3.742538272478897,0.0022
hbn,mr,137,0.2192263152092067,0.018047018889936,0.372044028406219,3.440524848922736,3.136044680765933,3.718904751277737,0.0022
hbn,mr,174,0.2340429372094968,0.0529534168815673,0.3729699601599962,3.4478969657145013,3.103255945193484,3.743389328026273,0.0022
hbn,mr,221,0.2509468773436968,0.072616773970275,0.3627758330187831,3.44888748430803,3.0906555480715605,3.779075020539426,0.0022
hbn,mr,281,0.2506766263656081,0.1042914050723131,0.3835805149405762,3.427136353289985,3.0591463757408515,3.7503772609865687,0.0022
hbn,mr,358,0.2523546179564354,0.1315616905969051,0.3773273822678489,3.4457733787095988,3.038785288552341,3.697929196364891,0.0022
hbn,mr,455,0.2668003023585249,0.1309614960031109,0.3732638635382841,3.429427501629588,3.032698129118984,3.710890895415565,0.0022
hbn,mr,578,0.2665307530766758,0.1618177096287549,0.3743986126381968,3.418182553162235,3.067683310470674,3.6845864906674817,0.0022
hbn,mr,735,0.2776142674902324,0.1388979746606447,0.3729366392657499,3.3968094810591385,3.092091673981428,3.6710263610717337,0.0022
hbn,mr,824,0.2776660272661735,0.1486009132469758,0.3782793998408884,3.390037048072049,3.121392229840725,3.667128803464489,0.0022
hcpd,mr,20,0.0924808820113294,-0.1688669300808437,0.3648749771214058,3.231082191227921,2.820636804085207,3.6444001430606887,0.0326
hcpd,mr,25,0.1394598497711506,-0.1328593804655722,0.3736644737052849,3.1828206538516,2.84127786727862,3.595579222863749,0.0326
hcpd,mr,32,0.1347239822249663,-0.1069234820330389,0.3397585925434122,3.1921315132393278,2.866851999808769,3.608765851803698,0.0326
hcpd,mr,41,0.1711608917197942,-0.0539125813044398,0.3497619892707713,3.1951453242492334,2.862370494337592,3.5908874386042204,0.0326
hcpd,mr,52,0.178086930432566,-0.0115225234206577,0.360711675780084,3.1755912100139465,2.826017809744192,3.5418727042243408,0.0326
hcpd,mr,67,0.2078816101818824,0.0143827994968209,0.363187224895835,3.156195919972049,2.845798332831204,3.519356276784972,0.0326
hcpd,mr,85,0.2174244395265886,0.0723347051742524,0.3592213451820302,3.146453441046879,2.817646896813653,3.5456699812652035,0.0326
hcpd,mr,108,0.239761461462139,0.0848709955664051,0.3785434980759918,3.1411879401139555,2.8095137660365217,3.553781112376488,0.0326
hcpd,mr,137,0.2495823106687013,0.0679499737980202,0.3959923387104838,3.1528285441609505,2.763025020564453,3.562253063176836,0.0326
hcpd,mr,174,0.2562344192909972,0.0962905755747831,0.4174652659297071,3.131165378573689,2.811250195912589,3.5617201608356064,0.0326
hcpd,mr,221,0.2514988368704822,0.0795090193392714,0.397114210622792,3.193561926040706,2.8228408161809977,3.555768104925319,0.0326
hcpd,mr,281,0.2558732264507392,0.1132031818736509,0.4042184413162917,3.2017701416502824,2.8025006685007785,3.546767336424054,0.0326
hcpd,mr,319,0.2622324637756713,0.1278140840834907,0.3970493706397926,3.1475995993037555,2.800825440943475,3.6088247723605353,0.0326
pnc,mr,20,0.0707928154116462,-0.1490567728169778,0.2467191143060294,4.534984111606448,4.156862104919463,5.052008074695677,0.002
pnc,mr,25,0.0664628358283199,-0.1188833748111782,0.2556089193705561,4.534258668989766,4.180548838880779,4.98964307721979,0.002
pnc,mr,32,0.099668574404259,-0.0728064604312455,0.2769479372094737,4.528963585175783,4.137308966220004,4.980445232280104,0.002
pnc,mr,41,0.0902741026228072,-0.055354734428313,0.2645612068076485,4.506351868477221,4.136220853316072,4.950643722450413,0.002
pnc,mr,52,0.1041984072144404,-0.0425600977328971,0.2818013946719412,4.482332004903438,4.08796482621484,4.944712361482093,0.002
pnc,mr,67,0.1312690598872307,-0.0232891000535746,0.3055363219508925,4.480177091046213,4.064988420582054,4.9061518749481365,0.002
pnc,mr,85,0.1540433986269141,0.0127521359256626,0.2904181111526308,4.467335881759688,4.065000764223045,4.892058873407942,0.002
pnc,mr,108,0.1784294708169208,0.0195076409730215,0.3189092226772677,4.429287256536121,4.077433842549543,4.934745760258414,0.002
pnc,mr,137,0.1986870776290403,0.0294592269260494,0.3256820694941338,4.425398957328985,4.013203766270888,4.913888605922084,0.002
pnc,mr,174,0.2098639832003778,0.0534715924715754,0.3455159952873495,4.402286483497782,4.022312942976519,4.830264613704399,0.002
pnc,mr,221,0.2170606024409755,0.0899918080290571,0.3440622239427028,4.387381325060673,4.050259482565106,4.861122640737686,0.002
pnc,mr,281,0.2547080057628538,0.0949804358779817,0.3417278245738865,4.357297469428508,3.9936087078073306,4.764420876959788,0.002
pnc,mr,358,0.2543587941085699,0.1111836201947838,0.3599288396116191,4.355355250906527,3.950962071728785,4.714023422991429,0.002
pnc,mr,455,0.2703800444472188,0.1201416657475963,0.3710299452454056,4.317380927326632,3.915653059892663,4.706717424176116,0.002
pnc,mr,578,0.2879174027085086,0.1461644787436609,0.4006424116439199,4.281090887334788,3.910869575149352,4.629840856643987,0.002
pnc,mr,735,0.2890882604599633,0.1623473578988189,0.3830416934320839,4.251446412153005,3.8963601532924166,4.617057951051219,0.002
pnc,mr,935,0.2908354371209972,0.1830511057845336,0.3811462312829263,4.24655288955934,3.92868133268242,4.6857046838381295,0.002
pnc,mr,972,0.2943898847685134,0.1904829198528703,0.386814303550672,4.229222208184181,3.897258632773216,4.63485773943866,0.002
abcd,mr_scaled,20,0.0250934489664785,-0.061284795839076,0.1009828869762933,2.337565146280002,2.227730027493975,2.653856061693349,0.002
abcd,mr_scaled,25,0.0313933440805125,-0.0529190051254437,0.1189859619472756,2.321541232751657,2.2280731377991803,2.569257128528144,0.002
abcd,mr_scaled,32,0.0332526333005893,-0.0361003041063863,0.1249875910469442,2.326404909589194,2.215079337473122,2.5345473431663645,0.002
abcd,mr_scaled,41,0.0384490546032041,-0.0459057866718206,0.1370577822481214,2.324994708881323,2.207863862018485,2.5346224749802064,0.002
abcd,mr_scaled,52,0.0456287999204608,-0.0275272436326502,0.1393702097124964,2.326250587945996,2.211648288730528,2.5730123916874823,0.002
abcd,mr_scaled,67,0.0573486120335589,-0.0202655042881921,0.1360362959910271,2.335572131047932,2.2273614871551635,2.539720979489302,0.002
abcd,mr_scaled,85,0.0580429761801722,-0.0048835822658887,0.1345029412969174,2.3477317833092224,2.224807572519793,2.4828256267413047,0.002
abcd,mr_scaled,108,0.068993151535018,0.0110182988473389,0.1323006763296799,2.354366700853225,2.2289551100994003,2.503278526113194,0.002
abcd,mr_scaled,137,0.0789948143767687,-0.0114333666491203,0.1266475283632246,2.367096734559393,2.2339120927740383,2.521440302558398,0.002
abcd,mr_scaled,174,0.0815497376183768,0.0114668340962486,0.1337284936143971,2.3693164116094705,2.2378371817098666,2.5405086221316733,0.002
abcd,mr_scaled,221,0.0834893722182205,0.0314779082606888,0.1465854114562315,2.36821343421664,2.233687997165166,2.5405764991966,0.002
abcd,mr_scaled,281,0.1008860817512008,0.0328103664765664,0.16200858313861,2.3660493111743293,2.236234094911181,2.5710100204291924,0.002
abcd,mr_scaled,358,0.1176416637527996,0.0628788101496206,0.1791569749973707,2.350275820593753,2.247823290610385,2.5042591510419383,0.002
abcd,mr_scaled,455,0.1261642302282236,0.0647705763287837,0.1868514224253246,2.342476433211475,2.2622695130511628,2.458314645681849,0.002
abcd,mr_scaled,578,0.141103591573956,0.0708256081625825,0.1946124632586343,2.343204409155807,2.2480947984250443,2.4270030928056743,0.002
abcd,mr_scaled,735,0.1500874301277974,0.0983142187966641,0.2112216166132992,2.334392453542316,2.241232878062909,2.424877358709659,0.002
abcd,mr_scaled,935,0.1596019510192228,0.1196607084459583,0.217310198143603,2.3277429252108424,2.237344139861566,2.407582334918339,0.002
abcd,mr_scaled,1189,0.1682415486448129,0.1144289791471372,0.2261484983553382,2.3204819435483035,2.226796009061426,2.4000165505716677,0.002
abcd,mr_scaled,1512,0.1754234568722383,0.1270961025377247,0.2259075385178522,2.3124428932192207,2.2210996139873784,2.384361355459581,0.002
abcd,mr_scaled,1923,0.1859415139904138,0.1379208934698018,0.2297581705354576,2.302573791458648,2.20584318005427,2.379437846057818,0.002
abcd,mr_scaled,2446,0.1937247058427686,0.1499316614752676,0.2423762327624336,2.2912034848989475,2.196822285794002,2.3708008171924053,0.002
abcd,mr_scaled,3110,0.2006651093755623,0.1512210235355298,0.2558211131525562,2.2715906059812148,2.170368006138449,2.358690830218549,0.002
abcd,mr_scaled,3955,0.2046342869753752,0.1655348915649966,0.2664368518666593,2.245079895138692,2.170635018681332,2.345742005153571,0.002
abcd,mr_scaled,5030,0.2108148963560588,0.1698988839279013,0.2568122888314808,2.2410283467094185,2.164398342511465,2.3317117139987245,0.002
abcd,mr_scaled,6242,0.2150262846754103,0.173913292952605,0.2597651131635379,2.236136335623921,2.1544887526267478,2.320069787732532,0.002
hbn,mr_scaled,20,0.0299154374790388,-0.109443107608568,0.151599897294871,2.528240407993168,2.2908727945371017,2.874198304195595,0.02685
hbn,mr_scaled,25,0.0223118545886076,-0.1256025318063916,0.136326310116889,2.5305430244333333,2.2965316426115243,2.8257794729655523,0.02685
hbn,mr_scaled,32,0.0296624305677882,-0.138651350712831,0.1754415936421424,2.540050125717385,2.313565956490081,2.836993604565925,0.02685
hbn,mr_scaled,41,0.0424716466445333,-0.1344632411454565,0.1450473833635354,2.531342346608488,2.308104757936068,2.8151443154649427,0.02685
hbn,mr_scaled,52,0.0493157871519327,-0.1249740072184699,0.1888656574244992,2.533506864040062,2.3142345036349314,2.8051093362157564,0.02685
hbn,mr_scaled,67,0.0370273230703269,-0.0818877469970104,0.1951572425090977,2.523205146306907,2.3234323604233698,2.8686483908635823,0.02685
hbn,mr_scaled,85,0.0460594056215071,-0.0722155971268653,0.1746865484596594,2.547441579745051,2.361778065144937,2.830276643196727,0.02685
hbn,mr_scaled,108,0.0632314938107771,-0.0968722561188138,0.1835218366196334,2.560725697264292,2.369929353056096,2.811832600258142,0.02685
hbn,mr_scaled,137,0.0664279297999942,-0.0772535542142067,0.175631819203046,2.570813735975736,2.360757561522472,2.826468186584372,0.02685
hbn,mr_scaled,174,0.0848528850063757,-0.0908349150441202,0.1738145343146047,2.574444776568992,2.3731778661829046,2.8325725979947687,0.02685
hbn,mr_scaled,221,0.0835822376554599,-0.0378173492311704,0.2101962510657222,2.572489453530541,2.335637793460303,2.8147735319680467,0.02685
hbn,mr_scaled,281,0.0987725586706494,-0.0437373459014519,0.20140191680468,2.5631353615485724,2.3292426181958508,2.8580540662154887,0.02685
hbn,mr_scaled,358,0.1002417463621211,0.002795094567703,0.2129128128449053,2.572023893646918,2.315480578841577,2.9186157962425163,0.02685
hbn,mr_scaled,455,0.1132624236006802,-0.0060177312567479,0.2225074937656139,2.5598876865855984,2.324051128100191,2.8318278612356256,0.02685
hbn,mr_scaled,578,0.1242312646114506,0.0006562520691016,0.2492971303682331,2.5432960597670604,2.337803072927497,2.771448271637308,0.02685
hbn,mr_scaled,735,0.1489917171951517,0.0576169523920852,0.2446094498779933,2.535187794006368,2.3056330607415028,2.750852080982308,0.02685
hbn,mr_scaled,824,0.1511001559859051,0.0481322134332498,0.2539035461152313,2.533509777709244,2.3321171313961844,2.7286071932507587,0.02685
hcpd,mr_scaled,20,0.0307287190630876,-0.206853308334971,0.2259325419003955,2.7069804727098203,2.3532946018558585,3.1580308094624567,0.0545
hcpd,mr_scaled,25,0.0517688615018566,-0.1628567640618197,0.2546314396433503,2.688040093625104,2.373057904582142,3.039781167068931,0.0545
hcpd,mr_scaled,32,0.0563952475500851,-0.1738252645667541,0.2569056758240517,2.680717988304493,2.402657273084513,3.0603679227034104,0.0545
hcpd,mr_scaled,41,0.0789330804213063,-0.1323292672675888,0.2547076465322562,2.6964591114127807,2.3876658977643337,3.0403605505468145,0.0545
hcpd,mr_scaled,52,0.0971849473949543,-0.0819646706553355,0.2733054429042397,2.715179818603631,2.348118168476233,3.045019035993934,0.0545
hcpd,mr_scaled,67,0.1104285248841697,-0.0753894613870021,0.3128310335236485,2.700461590489025,2.388951980363662,3.1363801301790613,0.0545
hcpd,mr_scaled,85,0.1234897195373738,-0.061709714564704,0.3391444109907583,2.690527570580241,2.364191557060244,3.1534036691625245,0.0545
hcpd,mr_scaled,108,0.1445640544241906,-0.044760400427292,0.3361401625123875,2.6876129079281093,2.3942881614062084,3.0726806067162324,0.0545
hcpd,mr_scaled,137,0.1629386144757553,-0.041907763061401,0.3058802662001056,2.7297064952183403,2.4339389890800773,3.041453535861874,0.0545
hcpd,mr_scaled,174,0.1667438455684984,0.0163147359575419,0.3150554453071663,2.7055909095417308,2.4167142829207537,3.0974885286867995,0.0545
hcpd,mr_scaled,221,0.1800142195975682,-0.0147212624570295,0.3379350523988203,2.703968011846296,2.431494912062264,3.058117001303939,0.0545
hcpd,mr_scaled,281,0.2085742217160325,-0.0051250135432421,0.3686949982093408,2.7095257520304754,2.43195795424998,3.105678379372823,0.0545
hcpd,mr_scaled,319,0.2017051687679557,0.0392429236134351,0.3693598242239532,2.6973315008357512,2.412888703477773,3.071467132496696,0.0545
abcd,ap,20,0.0132785260679557,-0.08057804442709,0.1354954426438139,2.6825443316388915,2.445385996575104,3.353407035359042,0.002
abcd,ap,25,0.0113067770229711,-0.0968701033343058,0.1108750609485784,2.6575401244564434,2.4673323091566464,3.381807012691192,0.002
abcd,ap,32,0.0129817707904482,-0.0751310537771775,0.1051341734271079,2.6917770842417745,2.4576792251137465,3.289335407640293,0.002
abcd,ap,41,0.0202381185501009,-0.0724983303198543,0.1084831461467137,2.666812500551522,2.467460119447899,3.0933538548133823,0.002
abcd,ap,52,0.0162534753824573,-0.0710984630901871,0.1093623503212538,2.675755707398916,2.503712244278983,3.027213076475723,0.002
abcd,ap,67,0.0312567796448306,-0.0646379856190517,0.1145343223473531,2.6764449335983347,2.496685187398699,2.954446345063515,0.002
abcd,ap,85,0.0331274747710184,-0.0642303123785132,0.1030473783457717,2.7048361982713955,2.5308656422993447,2.95219949451329,0.002
abcd,ap,108,0.0320664826650626,-0.0679710776795319,0.0959827286033699,2.718517091126259,2.5592701884892897,2.952667401419315,0.002
abcd,ap,137,0.0402956029317966,-0.0455491570173136,0.0973972148228511,2.7211267318150347,2.5701259089913826,2.932723811182239,0.002
abcd,ap,174,0.0404849667070785,-0.031095020323727,0.0972061550366812,2.7273630235595,2.563243356159029,2.977989639482748,0.002
abcd,ap,221,0.039052140106806,-0.0193496172078418,0.0875030590428453,2.739959312956929,2.5906779363311947,2.969969818791119,0.002
abcd,ap,281,0.0456140859974123,-0.0118501048962542,0.0982280164915464,2.731248473435876,2.5788877466784084,2.9945733631706397,0.002
abcd,ap,358,0.0513267489139697,-0.0117506223707166,0.1070001241721857,2.7345939154235825,2.5992484986270217,2.8997658607351053,0.002
abcd,ap,455,0.0566726144330773,-0.005381180468516,0.1136840741882622,2.7403189292192054,2.623046097781053,2.882243059235,0.002
abcd,ap,578,0.0628991425972745,0.0039931796604006,0.1112155812632836,2.7293376357771626,2.6243502356558936,2.874034723436302,0.002
abcd,ap,735,0.0634595596532595,0.0157855874335107,0.1060014478643551,2.7314327115288783,2.6370805379365003,2.8901019851388514,0.002
abcd,ap,935,0.0681861389669501,0.0200049416050996,0.1133884856360582,2.728408203233222,2.6295593062085305,2.86471131566859,0.002
abcd,ap,1189,0.073157686426584,0.0383595702921495,0.1267869794620598,2.725579137756285,2.6190870368768957,2.8484899161157533,0.002
abcd,ap,1512,0.0808241036653715,0.0391650530933558,0.1294657439466038,2.7204618202365776,2.615046345466688,2.8213950943165744,0.002
abcd,ap,1923,0.0869872931196115,0.029332170642102,0.1336727477549726,2.715148245797945,2.620974645316388,2.7992809189509176,0.002
abcd,ap,2446,0.0882406079831784,0.0450788141729798,0.131606796378623,2.7000312811237954,2.596174562555192,2.7959018779801217,0.002
abcd,ap,3110,0.0927689188121859,0.048842228823372,0.1424681211172397,2.682791466910209,2.578046385923983,2.7777672777546507,0.002
abcd,ap,3955,0.102265847646524,0.0506813154132238,0.1442197178609648,2.6707219876254484,2.558344945211701,2.7443482122408582,0.002
abcd,ap,5030,0.1157678298434254,0.0688705304251595,0.1594263193813611,2.6401124973871046,2.5601714732612826,2.726327653316495,0.002
abcd,ap,6393,0.1187398650705071,0.0742107515048225,0.1656533787799943,2.627717057227693,2.554064186791916,2.7085277503839342,0.002
hbn,ap,20,0.0070317419824096,-0.1246760648753102,0.1816229894017634,3.876493627633669,3.510473794668148,4.139843498398542,0.50395
hbn,ap,25,-0.0018105679956321,-0.1358258062813002,0.154887852043085,3.853334190992844,3.478686050945321,4.169757197999936,0.50395
hbn,ap,32,0.0035927084083195,-0.13672791850082,0.153476346982624,3.8422328934594288,3.491101841047738,4.143960634195356,0.50395
hbn,ap,41,0.0076636450397117,-0.1607338048977998,0.1400979502665117,3.8266286211495473,3.498085774524218,4.203442419387505,0.50395
hbn,ap,52,0.0098146475511977,-0.1428263170310912,0.1039497108747433,3.840961113263648,3.4966112016546016,4.25980729104567,0.50395
hbn,ap,67,0.0037928108240292,-0.1294732246739498,0.1495222795247966,3.846770572274093,3.514274166935084,4.286523160632724,0.50395
hbn,ap,85,-0.0007744198403141,-0.1170051070087084,0.1440822856968221,3.862648257926743,3.54230650731495,4.355381334616872,0.50395
hbn,ap,108,0.0005462283908055,-0.0914658292707996,0.1389808348318121,3.886586448278021,3.581750359811576,4.258350649978357,0.50395
hbn,ap,137,-0.0006010372963892,-0.1064962120483623,0.1452423442983836,3.911598037963832,3.569002053529546,4.347619407187805,0.50395
hbn,ap,174,-0.0088058997250547,-0.1121360149037096,0.1318463870873374,3.951782438394442,3.552599548953863,4.346881073575481,0.50395
hbn,ap,221,-0.0037888744510392,-0.130132248902056,0.1372641629806953,3.965110114710975,3.5913369644989475,4.376792611742357,0.50395
hbn,ap,281,-0.0043110662993295,-0.1337313789670674,0.1262193944619262,3.9407852608018334,3.586024513653318,4.379845171597106,0.50395
hbn,ap,358,-0.0111441609832391,-0.106879830208403,0.1148665719209912,3.965681527731242,3.631571780530287,4.331456781085725,0.50395
hbn,ap,455,0.0075681591135562,-0.1228304755598029,0.1282053240731055,3.952611981520988,3.6026363658671507,4.367113551409712,0.50395
hbn,ap,578,0.0036641496599561,-0.1203021023656014,0.1253219085872363,3.970540629337624,3.5859561178508894,4.396137368950318,0.50395
hbn,ap,735,0.0034759854971602,-0.1238272863382066,0.1188735605399152,4.006687334733503,3.682315880583121,4.4127479452654415,0.50395
hbn,ap,935,-0.0016203904208466,-0.1136175565577182,0.1185161191530777,3.981925585317631,3.6785914839346976,4.413528624995808,0.50395
hbn,ap,950,-0.0067262772171657,-0.1222112139255783,0.119327707691874,3.982605503452344,3.692168944764151,4.39923820728054,0.50395
hcpd,ap,20,0.0211122250546191,-0.2350947434484612,0.2177421666846364,1.9294585959222557,1.4467824029115686,2.3868777805028687,0.4569499999999999
hcpd,ap,25,0.0168252814344582,-0.1882355298568151,0.2053680683217013,1.9104459995152252,1.4826359998538456,2.365322341051599,0.4569499999999999
hcpd,ap,32,0.0054964337399074,-0.1612677907817396,0.2290030785209827,1.9301390840170911,1.512474590214165,2.27417693605576,0.4569499999999999
hcpd,ap,41,0.0200942316049406,-0.1783808028449376,0.2297144505842896,1.9385702152756776,1.572239133650925,2.314518737838956,0.4569499999999999
hcpd,ap,52,0.0160602775391315,-0.1767170506608476,0.2264596231641659,1.940305926485276,1.559270632476733,2.321385555230844,0.4569499999999999
hcpd,ap,67,0.012316766555979,-0.2022355543885441,0.2256741969422237,1.9770131309751504,1.542625648273681,2.320283955589374,0.4569499999999999
hcpd,ap,85,0.0353170129410698,-0.1998158697163092,0.2319498540363861,1.9830212256939304,1.5917946617269427,2.3276932686818843,0.4569499999999999
hcpd,ap,108,0.0125264245827572,-0.1728810803019123,0.1879631605068179,1.9836519978297864,1.6437691257881044,2.361956764109362,0.4569499999999999
hcpd,ap,137,0.0287008256713049,-0.1959503393694075,0.2196474037268753,1.9923590662774384,1.6946080563274424,2.3954742904980275,0.4569499999999999
hcpd,ap,174,0.0253575026588676,-0.1477351850728661,0.1473260260238568,2.03662392048925,1.7225513221419209,2.3786112969793125,0.4569499999999999
hcpd,ap,221,0.0084137896557087,-0.1725734263341304,0.162742361050839,2.050931666501076,1.7935173431897375,2.329324677076441,0.4569499999999999
hcpd,ap,281,-0.0035909090906445,-0.167143037054177,0.1772480991204129,2.0556983163598685,1.788869484477995,2.3269058974509296,0.4569499999999999
hcpd,ap,357,0.0142038912027294,-0.1725656707702097,0.13028558948652,2.058745116399453,1.796706574853511,2.3624054500721283,0.4569499999999999
pnc,ap,20,0.0363129531838217,-0.1196374551047064,0.1937133479584226,3.254586375179329,2.9403346146219618,3.908731670039687,0.24985
pnc,ap,25,0.0393547117376335,-0.1272189512211993,0.1653256107815946,3.2644104602395974,2.9270819644048456,3.815143373727985,0.24985
pnc,ap,32,0.0262702925540194,-0.1328866599350222,0.1685724303067076,3.2675265979850767,2.887787343516217,3.7450727520321,0.24985
pnc,ap,41,0.0172603517703996,-0.1339797073531033,0.1717353393512671,3.2375717238303645,2.869994512769309,3.626137528812666,0.24985
pnc,ap,52,0.0309963555119962,-0.1194709721078053,0.1634650281688333,3.2148676211473,2.903920487240633,3.5045519599375234,0.24985
pnc,ap,67,0.0253011980485951,-0.1082267584828182,0.1526698175177049,3.220950879275583,2.8997192919282377,3.52991103548311,0.24985
pnc,ap,85,0.0246891755230446,-0.1066206300563454,0.1339797627034829,3.23001502323914,2.89575037909233,3.4946274358262803,0.24985
pnc,ap,108,0.0225953786660568,-0.1157152151234209,0.1417228065091474,3.240820689079319,2.9080022500395777,3.561632837386022,0.24985
pnc,ap,137,0.0213382556979417,-0.1488806083456955,0.1460454549682135,3.270357329912473,2.9767909058295143,3.609645924326526,0.24985
pnc,ap,174,0.0147918555590251,-0.106255623766604,0.1519968359541698,3.299266569605249,3.00232508119576,3.5959563338843785,0.24985
pnc,ap,221,0.0194498262558494,-0.1215262202638903,0.138635512755133,3.304263426956128,3.0207023633944274,3.598288981104659,0.24985
pnc,ap,281,0.0192916637249664,-0.0933198746405208,0.1547629881425164,3.3203681956511413,3.0787462848283424,3.5793613094934686,0.24985
pnc,ap,358,0.0354939485872447,-0.0906441596490919,0.1601186072742443,3.323235837663688,3.0477558377336327,3.574799118291678,0.24985
pnc,ap,455,0.0349967450492779,-0.0797635059778978,0.1779685687025468,3.3172137760137623,3.0650560222462544,3.5635613814292224,0.24985
pnc,ap,578,0.0309948824052975,-0.078221122753739,0.1495905200094601,3.332798433494802,3.073400241594287,3.581037494356189,0.24985
pnc,ap,735,0.0322066750293641,-0.0735106452912067,0.1672201903471494,3.35585998437288,3.1200221420179624,3.599363141516804,0.24985
pnc,ap,935,0.0254575962521616,-0.072747466575452,0.1412359875331083,3.324131044443689,3.0504415019030606,3.63689404163233,0.24985
pnc,ap,960,0.0331612598440569,-0.0595938871806556,0.1416659709746461,3.3389655774449656,3.0446055582949807,3.6155396732349008,0.24985
abcd,bmi,20,0.1038906030624827,-0.1366936076529159,0.290331814492959,0.9364376907906228,0.8932444227567159,1.088495320229398,0.002
abcd,bmi,25,0.1038341847848957,-0.0784353144008032,0.2726339327909381,0.9323675578915286,0.8847467476049523,1.039710091204785,0.002
abcd,bmi,32,0.1223693094354387,-0.0411543882739172,0.2790755983401249,0.927892221040905,0.8958150073439446,1.0036437704569583,0.002
abcd,bmi,41,0.1297975071134181,-0.0454673495572193,0.3008032744376993,0.923280238491338,0.8906657661520943,0.9867495248897442,0.002
abcd,bmi,52,0.1522492099460275,0.0204184262907491,0.2825969333995427,0.9204815503549522,0.8903768664252071,0.9624526939528666,0.002
abcd,bmi,67,0.1714158570176747,0.041780010604461,0.3008252734959887,0.9170402986844138,0.8770755132605978,0.9540678036887968,0.002
abcd,bmi,85,0.1959426755418834,0.0760357126505388,0.3251659864667771,0.9168643521628376,0.8816580652003025,0.94321147009068,0.002
abcd,bmi,108,0.2040709160507066,0.0881770460721902,0.3285369054354711,0.9117389770482812,0.860364321403779,0.9479900724022337,0.002
abcd,bmi,137,0.2225172000255726,0.1060017524514891,0.330552046337721,0.906388300234478,0.8460443435382526,0.9404305308866436,0.002
abcd,bmi,174,0.2374421770271561,0.130637325149153,0.3245588536357001,0.9005931347414803,0.8569408070152613,0.9357052199524644,0.002
abcd,bmi,221,0.2491920919522977,0.1532577238631486,0.3337699646054363,0.8949978123172502,0.8455339974371999,0.9361276063615652,0.002
abcd,bmi,281,0.2694144795855326,0.1824684443293029,0.333949205150105,0.8874264507953918,0.8471193803965521,0.9220938370704722,0.002
abcd,bmi,358,0.2933018706274097,0.2070224516131425,0.3578488482398623,0.8815263196734582,0.8389651875001618,0.9141664425259276,0.002
abcd,bmi,455,0.3079828109679292,0.2396693051759195,0.3706369063882891,0.8730318504453349,0.8351517520607524,0.9091265528665295,0.002
abcd,bmi,578,0.3178048721792105,0.2506511253232368,0.3819478142378104,0.8688936951620014,0.826374882651191,0.9054863464876362,0.002
abcd,bmi,735,0.3355039479090185,0.2687401790026342,0.3805957127770122,0.8656116947938536,0.8329231610164712,0.8909725644865039,0.002
abcd,bmi,935,0.3454394178171804,0.2760911438028021,0.3914395979998403,0.8581988247854517,0.82748246325897,0.8875691107867146,0.002
abcd,bmi,1189,0.3585397145125114,0.2844110544573053,0.4052859942523284,0.8543135637137249,0.825105273635584,0.8852626543816516,0.002
abcd,bmi,1512,0.366389274671731,0.3057235599385209,0.4019451433049971,0.8498452290567902,0.8275522213777462,0.8819161929378253,0.002
abcd,bmi,1923,0.3720161257132692,0.3214287496414077,0.4080858159291719,0.846346592136012,0.8243392048146584,0.8740827879193258,0.002
abcd,bmi,2446,0.3764786235324432,0.3249037179561613,0.4119979325369037,0.8453777654479593,0.8194354114407416,0.8719727258688482,0.002
abcd,bmi,3110,0.3819683352258534,0.3315469915431043,0.4209717112672123,0.8441568913647687,0.8169888478956053,0.8677824186463104,0.002
abcd,bmi,3955,0.3842082986736269,0.3459279053703808,0.4245526328715829,0.8408645159847421,0.8143262539312774,0.8660957421683884,0.002
abcd,bmi,5030,0.3915822670789253,0.3508443563393136,0.4308461435272268,0.8376158452075666,0.8122660995125075,0.8626547438736747,0.002
abcd,bmi,6356,0.3963584886740747,0.3556986619131331,0.4359550003686417,0.8362299626900165,0.8084549975671639,0.8574461660853404,0.002
hbn,bmi,20,0.2143534631008669,-0.0222801868759196,0.3941000961531832,0.9475716823895772,0.8357114819636733,1.0639877051993158,0.002
hbn,bmi,25,0.2387054159209259,0.0041973447789601,0.3961476777386212,0.9447502450790716,0.8316992690406237,1.0532283558171665,0.002
hbn,bmi,32,0.2658380920908161,0.0798363664891988,0.4054209016286925,0.942099959101609,0.8437279727568936,1.0344976570098905,0.002
hbn,bmi,41,0.2862550767872552,0.0940963968450951,0.4209832782535161,0.929122873380386,0.8306544567067745,1.0416473925709735,0.002
hbn,bmi,52,0.2799198358129828,0.096155498697335,0.4226831798894743,0.9255878681333072,0.8293147715762336,1.032803530556852,0.002
hbn,bmi,67,0.3038605717340249,0.1544931057192538,0.4307322184348908,0.903215755069439,0.8193391228711929,1.0132110021290992,0.002
hbn,bmi,85,0.3226407420277025,0.1590207041681599,0.4405251805715469,0.8919255226519925,0.8149610870106531,0.9997969893712412,0.002
hbn,bmi,108,0.3256314429517304,0.1630116527267848,0.4349114398085926,0.8893082133601684,0.8060280924014829,0.9898069218297816,0.002
hbn,bmi,137,0.3252022531632692,0.171184222516621,0.4301462178336799,0.8904357659527018,0.8000008947785806,0.9930020940707096,0.002
hbn,bmi,174,0.3501705744699182,0.187248213267866,0.4444003196554261,0.876887710784994,0.7946631850718336,0.9727864099080394,0.002
hbn,bmi,221,0.3588928778520071,0.206603944142467,0.4589118190517382,0.8666102241701155,0.7884420086526047,0.976320010784072,0.002
hbn,bmi,281,0.3831924877485287,0.2622646851604956,0.4605268768756957,0.8508624964281387,0.7728000758130257,0.9528695252115362,0.002
hbn,bmi,358,0.3905391401423019,0.2755359095926382,0.4829454581686565,0.8503050489102535,0.7741538604603699,0.9417572005595822,0.002
hbn,bmi,455,0.4047992188599263,0.2945747532927243,0.5036040994162827,0.8461837317411576,0.7661637570160611,0.9400857705208354,0.002
hbn,bmi,578,0.4136484357631204,0.3143787665134548,0.4944029241208516,0.8390549515603858,0.7673060481796555,0.9259041970455548,0.002
hbn,bmi,735,0.419692137831593,0.3286034722778146,0.5102060412634919,0.8360287900953229,0.7550121685367412,0.9242742605008434,0.002
hbn,bmi,922,0.427972157562705,0.3262014500371475,0.5159249272928921,0.8265520607373205,0.7584332791600586,0.9137915614560522,0.002
hcpd,bmi,20,0.2583761320113115,-0.078035817367558,0.4919849738316399,0.8586938662647625,0.7413194248537875,0.9959900675768985,0.002
hcpd,bmi,25,0.2780371047599558,-0.1138521933329388,0.5021177908678471,0.8498619621698089,0.7400646509612091,0.988636902225121,0.002
hcpd,bmi,32,0.2909523046392854,-0.0275105668417787,0.5215000082508672,0.8518911995057872,0.7180491664592239,0.9709268282199291,0.002
hcpd,bmi,41,0.3199423651134611,0.0326606988740215,0.5267214377211449,0.8485269079345745,0.7159263941946548,0.9640678390885348,0.002
hcpd,bmi,52,0.3284299273029806,0.0720230248762318,0.5345612729378904,0.8307369021168748,0.7171689445088187,0.9491005470079756,0.002
hcpd,bmi,67,0.3378626242674168,0.134246904929355,0.5181236037976686,0.8179852132776215,0.7246086491385982,0.9154892538006872,0.002
hcpd,bmi,85,0.3551989226336915,0.1491383869115039,0.5329874801273655,0.8038536116101418,0.7019417177588988,0.904847718172611,0.002
hcpd,bmi,108,0.3689504362792368,0.1649329832663447,0.5319799663552502,0.7987233218664017,0.6814620898158829,0.9007659058118748,0.002
hcpd,bmi,137,0.3817627941015784,0.1642548104317329,0.5386979416515755,0.798792437672603,0.6919931774226151,0.8900813273905769,0.002
hcpd,bmi,174,0.4008325606924389,0.2013797657570757,0.5297652641021519,0.7831603098882822,0.695378289192807,0.8835434352287277,0.002
hcpd,bmi,221,0.395422825243043,0.2052166920162431,0.5410348081021185,0.7799011080975304,0.6926285278797721,0.8771446441826809,0.002
hcpd,bmi,281,0.4156760290174505,0.2272110552047335,0.5575201798667564,0.7746845810009456,0.6866436057557681,0.873277367837381,0.002
hcpd,bmi,358,0.407937544997429,0.2277824715590352,0.5432625756254662,0.7770458450587319,0.681606657576373,0.8761348169609181,0.002
hcpd,bmi,455,0.4146442086700193,0.2284305408839303,0.5546350187489054,0.7720460437416079,0.6706275245703197,0.8723327324713221,0.002
hcpd,bmi,498,0.4336349606184821,0.2264729107997141,0.5658331706936357,0.7696194902050628,0.6704300254517312,0.8590732108133412,0.002
pnc,bmi,20,0.0527569732720873,-0.1233621426596889,0.2204114915843785,0.936837466943346,0.8576728709287232,1.036672051233336,0.0021
pnc,bmi,25,0.0558501954828548,-0.1287975267324981,0.2117899518376335,0.9339123546848708,0.8575936042378675,1.044771884969139,0.0021
pnc,bmi,32,0.0524294448647753,-0.0981459351982524,0.2163532588971282,0.9304552519721756,0.8593821842771868,1.023139259847533,0.0021
pnc,bmi,41,0.0641791226850423,-0.1134726562750186,0.2359890372279888,0.9252218351446384,0.8560546825968609,1.022553493531546,0.0021
pnc,bmi,52,0.0622065793618698,-0.0897363286360777,0.2252247121187551,0.924703580992328,0.8537262127652682,1.022438064790396,0.0021
pnc,bmi,67,0.0931908716255557,-0.0840214023893877,0.2327648428465914,0.9280188857407968,0.8556965816870191,1.01782866401094,0.0021
pnc,bmi,85,0.0947231980958056,-0.0573153297505745,0.2473342707243556,0.925881979396381,0.8515457786434473,1.018835582617806,0.0021
pnc,bmi,108,0.1134071122769491,-0.0457824081690011,0.243296190695024,0.9235147875359866,0.8538982137922597,1.014195077881863,0.0021
pnc,bmi,137,0.1360881638909387,0.0178380036941939,0.2577142906100377,0.9149479644012796,0.8483335379778185,1.0079970626800354,0.0021
pnc,bmi,174,0.1550249391442852,0.0475148561902692,0.2844617052807987,0.9129268270582342,0.8493190844618536,0.9921288938129462,0.0021
pnc,bmi,221,0.1753006291897575,0.0043702231737553,0.2908418772846978,0.910874012752482,0.845217515361028,1.0083969032707492,0.0021
pnc,bmi,281,0.1922339489813637,0.0570807736509091,0.3310596112732966,0.9019381831106316,0.8361873284530288,0.988712670277516,0.0021
pnc,bmi,358,0.2231034978937998,0.0849917160262407,0.3263835158133923,0.8951094349660993,0.8267399397550484,0.9884521166664342,0.0021
pnc,bmi,455,0.2347047101635271,0.088314550765123,0.3787051600607295,0.895387831666653,0.7991579315918383,0.98825421447037,0.0021
pnc,bmi,578,0.2701473008294225,0.1385916341046714,0.3884962557589316,0.8816735451240127,0.7994915423021073,0.972968281370846,0.0021
pnc,bmi,626,0.2755334955001516,0.1542277911181846,0.4098510348052294,0.8807749182619595,0.8012250916974103,0.9714686059649056,0.0021
abcd,wm,20,0.0116943608320166,-0.1042297364459375,0.0978542870989046,2.441121333248216,2.335165069534007,2.66049119028044,0.002
abcd,wm,25,0.019284705645516,-0.0857377233389761,0.1086488536801702,2.426361886146956,2.3270276962655863,2.603735019844708,0.002
abcd,wm,32,0.0203635270192701,-0.0614087087954614,0.1014150546685666,2.4245920618672123,2.3328532796102976,2.6026476547088264,0.002
abcd,wm,41,0.0199786890144985,-0.055900266606108,0.1111124699902511,2.42776623336479,2.332757480974398,2.5658513789702897,0.002
abcd,wm,52,0.0260820261347056,-0.0476881683698608,0.105200029556581,2.4324086173992505,2.322150903591309,2.631415742061084,0.002
abcd,wm,67,0.0434056776358813,-0.0373426744275492,0.11888189959098,2.431058245441114,2.354657186013997,2.5959889141125263,0.002
abcd,wm,85,0.0510009438037488,-0.0296882237838241,0.1147197764297313,2.453771069386729,2.3657460301333786,2.594276003431455,0.002
abcd,wm,108,0.0568757215909668,-0.0100353163815345,0.116818698040315,2.4568506715665395,2.3535593167192728,2.6086519146175555,0.002
abcd,wm,137,0.0564775462986647,-0.0063576926507168,0.1165840815278225,2.4737284835862154,2.34016513286862,2.586454178195482,0.002
abcd,wm,174,0.0616751269236184,0.0045932868783484,0.1175173052614606,2.4764611945155437,2.3875257848941582,2.6299804410720315,0.002
abcd,wm,221,0.0762543974968124,0.0088313742449889,0.1265530208169947,2.4813404809720083,2.368660963541036,2.6386549863198465,0.002
abcd,wm,281,0.0856585160020576,0.0138749895240249,0.1476913808282379,2.468760054020419,2.376622372786269,2.6479561617248955,0.002
abcd,wm,358,0.094862298025018,0.0368858195894914,0.152645837492952,2.4759975509348022,2.3815707322453634,2.664186941900463,0.002
abcd,wm,455,0.106419002943765,0.0352036841692788,0.1656044783988803,2.4663718075719103,2.387924000369188,2.5954799438780216,0.002
abcd,wm,578,0.115416733473055,0.0562283572804287,0.1643253418409806,2.464604710022955,2.3946216494964765,2.5379280652804304,0.002
abcd,wm,735,0.1304211454201257,0.0688344476115651,0.1781494617482586,2.462985185842369,2.3932403843077443,2.5245577883024115,0.002
abcd,wm,935,0.1426347609294481,0.0895566903955613,0.1885022813589114,2.451982170821924,2.3720651156937675,2.507916467239571,0.002
abcd,wm,1189,0.1483078137172818,0.0833070567028021,0.1959937592511482,2.4438035716418183,2.3649595410522157,2.50414994190133,0.002
abcd,wm,1512,0.1640076780308851,0.09413623665708,0.2028797246913573,2.434468711795648,2.350765973580239,2.490638361785897,0.002
abcd,wm,1923,0.1710316406087157,0.1027366464841848,0.2157210750153243,2.423594872641049,2.344397816432754,2.487269253937643,0.002
abcd,wm,2446,0.1826897051998559,0.1229218666388413,0.2238172339511492,2.403228398905489,2.334782423524944,2.4744517513881763,0.002
abcd,wm,3110,0.186491756848778,0.1439603962825412,0.2298570284166895,2.390968062075548,2.329995590309496,2.4584289968668416,0.002
abcd,wm,3955,0.201780820443531,0.1281204865751929,0.241953234776304,2.356353773474241,2.3039992505928013,2.437844535170289,0.002
abcd,wm,5030,0.2099691046168773,0.1583697466656778,0.2461024574429276,2.3503171442893964,2.2986510448251654,2.409647040505761,0.002
abcd,wm,6284,0.2193021947431967,0.1719701523466492,0.2539786771619839,2.3432349926198546,2.294142898703673,2.406576968567074,0.002
hbn,wm,20,0.0981304952991209,-0.1883750165583916,0.3042019818011527,3.1390638202138588,2.8162413840792926,3.802526061473348,0.0031999999999999
hbn,wm,25,0.1029144675397246,-0.1362501775231283,0.3082451911682696,3.0981872497551795,2.7215221565833434,3.651073400914187,0.0031999999999999
hbn,wm,32,0.0905733759447147,-0.0977553402465633,0.3206391474814744,3.08131198357473,2.6892944380026984,3.6524961328043353,0.0031999999999999
hbn,wm,41,0.129694466680625,-0.0764836570942809,0.3053826422312914,3.0605436561699664,2.6424309022926704,3.5871099701829943,0.0031999999999999
hbn,wm,52,0.1256583039785433,-0.0981709703121291,0.2918476336865901,3.0476465006239493,2.6722858060758465,3.4625400083500923,0.0031999999999999
hbn,wm,67,0.1393131417845004,-0.0737886508178496,0.2873538915824477,3.05169543019165,2.6637475837057543,3.3951255251579906,0.0031999999999999
hbn,wm,85,0.1378355906953865,-0.0567561044603835,0.3068062281749084,3.038666004592092,2.650833699956411,3.3550135522631503,0.0031999999999999
hbn,wm,108,0.1642951265134003,-0.0165630659684217,0.2899691676634119,3.025153775788473,2.6239318339806377,3.348528044595156,0.0031999999999999
hbn,wm,137,0.1552582693188564,0.0249122484564154,0.2920783117623072,3.016877525873149,2.677882666992525,3.3521416354764475,0.0031999999999999
hbn,wm,174,0.1719140721573435,0.0301494384943567,0.3150449206689956,3.052860848420746,2.7147075341587565,3.3640953781242904,0.0031999999999999
hbn,wm,221,0.1763834770324024,0.0437210599887669,0.3143210857377156,3.031337509360376,2.7095620238656437,3.3868069187062084,0.0031999999999999
hbn,wm,281,0.1825409122693733,0.0582155562099075,0.340964306307779,3.032596553528191,2.741563690104599,3.3908004975340647,0.0031999999999999
hbn,wm,358,0.1910647378634717,0.0676248536731528,0.3172177994128288,3.0353187064666933,2.7442808973501824,3.3563974436273125,0.0031999999999999
hbn,wm,455,0.1892478951135233,0.0505354194204464,0.3223455762489554,3.0450401380641123,2.729461922833857,3.329742119206152,0.0031999999999999
hbn,wm,578,0.2022951604785283,0.061857052652485,0.3233356753669683,3.030253752327501,2.6947701801870942,3.3249599161834174,0.0031999999999999
hbn,wm,735,0.2153210485754012,0.0855151432095518,0.3221912818082958,3.007974040832539,2.71179519130022,3.2899083768013084,0.0031999999999999
hbn,wm,935,0.2199920460034223,0.0906732561788156,0.3261288767109547,3.002878816169028,2.681490641407338,3.271783543409799,0.0031999999999999
hcpd,wm,20,0.0633540359871488,-0.1527701771197702,0.2653395809865731,2.1926188829830418,1.9015821123147048,2.5446184852045124,0.07225
hcpd,wm,25,0.0715910821432437,-0.1677926409371742,0.2960141208827163,2.2001878087528253,1.9095327322277276,2.494567677710594,0.07225
hcpd,wm,32,0.0865576356093904,-0.1568483616265961,0.2800027826519466,2.1762832200925937,1.930016689541812,2.5205449539140794,0.07225
hcpd,wm,41,0.0926970814286421,-0.1701725146708171,0.2618975034062935,2.170102869714645,1.908252094036172,2.479072276432273,0.07225
hcpd,wm,52,0.0863789500232046,-0.1416897233077151,0.2800673414421872,2.163937592032045,1.9341877505372955,2.422901737368631,0.07225
hcpd,wm,67,0.1248037661985801,-0.1096613997065462,0.3037820688157245,2.182164080564686,1.9016926866448745,2.511429699306249,0.07225
hcpd,wm,85,0.1218057514699757,-0.1057813473795539,0.2892380095492781,2.1910858083940625,1.8999409866473629,2.479970848846169,0.07225
hcpd,wm,108,0.1202608288249791,-0.0542695755738126,0.2817054511362333,2.220040243204004,1.9494948223924349,2.493113836414407,0.07225
hcpd,wm,137,0.1444206481977036,-0.0466737458713874,0.3273813935901338,2.2036518218202925,1.8633526025937448,2.5026116786767627,0.07225
hcpd,wm,174,0.1288776265864391,-0.0803764574556305,0.3283396922313837,2.235212622511052,1.9133678624257977,2.480744827378412,0.07225
hcpd,wm,221,0.1449059795001934,-0.0106960286441332,0.3550653485740861,2.241299955365939,1.9546322989936291,2.5235757434436987,0.07225
hcpd,wm,281,0.1526278949225614,0.0028714909784216,0.3234311565531599,2.19697517387006,1.995577665878304,2.484506781225121,0.07225
hcpd,wm,333,0.1710810201496607,0.0050008172509987,0.3248014146177307,2.2037348691459693,1.9973885592466984,2.4879039169892168,0.07225
pnc,wm,20,0.0542337190752951,-0.1445620762194343,0.281993286416822,1.7865486633148198,1.4890335129748309,2.318735439572091,0.00275
pnc,wm,25,0.0746760487554733,-0.148175314920645,0.3006778024673598,1.7803123486980637,1.4652842752689963,2.245376207034718,0.00275
pnc,wm,32,0.0964489384407761,-0.1186270845886946,0.3172610155836417,1.7621767688956176,1.4973138046377243,2.079785040065795,0.00275
pnc,wm,41,0.0961436677384283,-0.1267213011366013,0.3034424785426493,1.7553166419171746,1.4720096772679925,2.0853098305985838,0.00275
pnc,wm,52,0.1279470020146,-0.0928735825475354,0.3268851912995257,1.763510867187422,1.463536953982569,2.0420059143100318,0.00275
pnc,wm,67,0.1136965736898573,-0.0960587311106597,0.3040486411226561,1.7607351430654397,1.4558796683846147,2.014762988382514,0.00275
pnc,wm,85,0.135693029047884,-0.06696202444853,0.279989961589747,1.7438237830320786,1.480131519072803,2.0784562208824173,0.00275
pnc,wm,108,0.1502443832369269,-0.0432969562839193,0.3469562994846442,1.748853145895766,1.4921426914694973,2.010779188055335,0.00275
pnc,wm,137,0.1573854899737577,-0.0140259768915859,0.3383996890320057,1.749172294049873,1.5142356646233366,2.030032943384973,0.00275
pnc,wm,174,0.1692595855063741,0.0036520319296482,0.3639575366662776,1.723935606597476,1.5339074917626347,1.9685575737901264,0.00275
pnc,wm,221,0.1805173601279238,0.0387580453002802,0.3575807059256943,1.7395276636439434,1.5429738441989649,2.007348197365768,0.00275
pnc,wm,281,0.1757042220412797,0.0532401300979711,0.3517236303469448,1.7405464204694587,1.5330699880448766,1.9396099710858845,0.00275
pnc,wm,358,0.1941327753851499,0.0515988795576517,0.3506093390052364,1.734304814175761,1.533302489300178,1.960665714105364,0.00275
pnc,wm,455,0.20507734469706,0.0581257943448894,0.348174826411571,1.7355146446222798,1.5344609648543894,1.967098351537792,0.00275
pnc,wm,578,0.2178045739412502,0.0705781911082183,0.3598784775643776,1.7201738015267778,1.5391352832131284,1.983365922332176,0.00275
pnc,wm,735,0.218491606825361,0.0796240211384256,0.3581460901190997,1.7244917732017837,1.5495751690627098,1.953442879924902,0.00275
pnc,wm,935,0.2146346235993251,0.103857379445643,0.3382097417676926,1.7143030797014522,1.5425739147659452,1.9707985132639152,0.00275
pnc,wm,964,0.2212395871682837,0.094611997847316,0.3444902461713926,1.7170195859268822,1.5497306157834456,1.9703069920094325,0.00275
abcd,wm_corrected,20,0.0099860332085244,-0.0908776425568393,0.0942343108633108,11.88367197385962,11.422444062647935,13.08750193722511,0.002
abcd,wm_corrected,25,0.0184493217873686,-0.0784755505468299,0.0919879864522068,11.851524597012162,11.400296061942862,12.697423516121816,0.002
abcd,wm_corrected,32,0.0250201509528129,-0.0436428793675331,0.0969840900065985,11.858163957008362,11.490982322946866,12.71682924391021,0.002
abcd,wm_corrected,41,0.0243833101045958,-0.057333276526241,0.1002996984026665,11.87447587209872,11.479340722147498,12.3636198012265,0.002
abcd,wm_corrected,52,0.0252624666078526,-0.0527893623768479,0.0985586671747143,11.872343959652394,11.55442689738324,12.509905887959905,0.002
abcd,wm_corrected,67,0.0367179941160069,-0.0505090315939818,0.1161382334004353,11.899503463776632,11.593413244774124,12.434804442486024,0.002
abcd,wm_corrected,85,0.0468846252938987,-0.0382718490395056,0.1211078159181116,11.994023147131283,11.55244207451683,12.602193718651224,0.002
abcd,wm_corrected,108,0.0551543543832444,-0.0141347593395675,0.1137146413743496,12.000007013953702,11.585464191576268,12.775350515196438,0.002
abcd,wm_corrected,137,0.0551329186042627,-0.0155652974189267,0.1153541081109649,12.103320394541424,11.555292153109516,12.606231414551662,0.002
abcd,wm_corrected,174,0.0608277207985383,0.009261714717278,0.114143365588467,12.100906351316873,11.54316444794992,12.95823076750875,0.002
abcd,wm_corrected,221,0.0700013554733142,0.0021780365474886,0.1234156603574156,12.116033176826674,11.547141924183812,12.909350957625566,0.002
abcd,wm_corrected,281,0.0758491710964286,0.0143312561954737,0.1528972033673894,12.045315386502184,11.654672695258014,12.929071441943384,0.002
abcd,wm_corrected,358,0.0865638378104799,0.0265839085792676,0.1412257953379199,12.050209060611884,11.592744673219023,13.12132482999349,0.002
abcd,wm_corrected,455,0.0988152529558171,0.0445221330618565,0.1556318708630009,11.995173486521516,11.6518882110824,12.752865199343209,0.002
abcd,wm_corrected,578,0.110965479319766,0.0502878360865169,0.1674658614407602,11.961288781271923,11.601700168437032,12.309560610512964,0.002
abcd,wm_corrected,735,0.121645531302779,0.060042456445188,0.1713300382166326,11.956490354464153,11.630830577440026,12.259661091011344,0.002
abcd,wm_corrected,935,0.1316048667307068,0.0878136219896816,0.1862659714543411,11.914135022656446,11.5292077053731,12.232015124035168,0.002
abcd,wm_corrected,1189,0.1361771985484826,0.0880837657082623,0.1861335796233199,11.89253797886008,11.545858845401645,12.154298609048602,0.002
abcd,wm_corrected,1512,0.1533582088134218,0.0879232886856884,0.193489526084375,11.845918549213607,11.4906848038331,12.134823681826532,0.002
abcd,wm_corrected,1923,0.1613201040037216,0.1078111850547947,0.2073376786664874,11.78313516622449,11.42722754582852,12.185522576440212,0.002
abcd,wm_corrected,2446,0.1680694201924894,0.1165110923151244,0.2112184545489664,11.70683648819124,11.447736828704382,12.05028474445889,0.002
abcd,wm_corrected,3110,0.1760501577203992,0.1278759329161133,0.2193305427739109,11.6575327571347,11.338724758515228,11.98857344859389,0.002
abcd,wm_corrected,3955,0.1900075222163199,0.1290828863183568,0.2252738992208456,11.49866818937485,11.206612053213046,11.869847351618224,0.002
abcd,wm_corrected,5030,0.1974519644935518,0.145701596645541,0.2399313504264522,11.464803406659607,11.134442228754969,11.738587911451274,0.002
abcd,wm_corrected,6284,0.2057846893349093,0.1567506611282019,0.241715049241085,11.436166398128476,11.121492309317672,11.747286574746026,0.002
hbn,wm_corrected,20,0.0247002042025244,-0.1185556975323324,0.1352964626133253,13.049838753496129,11.921836231646347,14.357368239536504,0.0199
hbn,wm_corrected,25,0.0188282953303684,-0.0995522585382454,0.1560781349005351,12.914627382573409,11.754639947267783,14.401864169883655,0.0199
hbn,wm_corrected,32,0.0215669477736408,-0.1141683132876319,0.1576998858105662,12.833101892022633,11.755668240972833,14.43359172440607,0.0199
hbn,wm_corrected,41,0.0286741340047453,-0.1008081529515322,0.1643869790609858,12.97211804615182,11.880745655837693,14.394909216656735,0.0199
hbn,wm_corrected,52,0.0340846080789032,-0.0952435059088407,0.1496501026483042,12.977364803624898,11.785757352901271,14.183643885120276,0.0199
hbn,wm_corrected,67,0.039004267987961,-0.0959874243992472,0.179683134934835,12.958590668789434,11.756460230825644,14.572275158121714,0.0199
hbn,wm_corrected,85,0.0324441380686222,-0.0995253545053875,0.1724843637400913,13.048484574433598,11.886456201600614,14.275165304362782,0.0199
hbn,wm_corrected,108,0.0423942794464208,-0.0702760067856624,0.1682502896505495,13.095077367711704,11.859810040349052,14.588095068679408,0.0199
hbn,wm_corrected,137,0.0446130767793233,-0.0832827193300132,0.1822098804683448,13.155991510542664,11.788838845407662,14.674624231248297,0.0199
hbn,wm_corrected,174,0.0609165287398072,-0.0582923723430021,0.1901288712974332,13.171905418230937,11.989513215163797,14.655096546543872,0.0199
hbn,wm_corrected,221,0.0641532600648598,-0.0578266436332061,0.1825985696939173,13.277085666723746,11.657741941400044,14.90026824836668,0.0199
hbn,wm_corrected,281,0.0649840124232753,-0.0594667524583463,0.200108588343425,13.33321255008909,11.968399755697996,14.999299117237308,0.0199
hbn,wm_corrected,358,0.0735726039608184,-0.0454899457841689,0.2066475282284879,13.1724195229646,11.74995511380463,14.975394573698765,0.0199
hbn,wm_corrected,455,0.0926971570208721,-0.0309817549704661,0.2078469568981932,13.07325011889434,11.590690157083792,14.633663299362718,0.0199
hbn,wm_corrected,578,0.1065191842804808,-0.0067160988242277,0.2007545634006575,13.03731743318716,11.70234995526849,14.273075338997817,0.0199
hbn,wm_corrected,735,0.1170117886937935,0.0046444271812943,0.2194204190102278,13.026483274460318,11.676972977411678,14.339724106433264,0.0199
hbn,wm_corrected,935,0.1537175793239401,0.0190333863030685,0.2495148063038146,12.875556342832612,11.79629902874007,14.12883948854689,0.0199
hcpd,wm_corrected,20,0.0223953821826651,-0.1019558593876076,0.2199411340455066,10.949878845213371,9.518468340992492,12.873672479948372,0.1149
hcpd,wm_corrected,25,0.0355573417630614,-0.1501518339128899,0.1968381805797522,10.956639989035494,9.582151213768404,12.659489359372046,0.1149
hcpd,wm_corrected,32,0.044653632133359,-0.1206200786944477,0.2099473625022574,10.86965478996713,9.557692990408464,12.54900438724316,0.1149
hcpd,wm_corrected,41,0.0345426255490652,-0.1797862054814476,0.2167194524100375,10.877733412067576,9.630478373632023,12.45753675755178,0.1149
hcpd,wm_corrected,52,0.0457908666318047,-0.1867434771534881,0.2766594749389787,11.023469984174394,9.46160394742891,12.364581421134158,0.1149
hcpd,wm_corrected,67,0.0675509239778325,-0.1335961418622385,0.2689850430771592,11.04409599430106,9.412097091986592,12.501373246324942,0.1149
hcpd,wm_corrected,85,0.0696928949234912,-0.1287065436575908,0.2487489916041711,11.225721309788714,9.435098281341292,12.540695385134038,0.1149
hcpd,wm_corrected,108,0.074455779335558,-0.1157065274945683,0.2310708530393634,11.20481805784311,9.612871706131436,12.411077218735391,0.1149
hcpd,wm_corrected,137,0.0720091084301834,-0.1050914954966378,0.2410096498632969,11.13806125929732,9.605177470925872,12.253582894015986,0.1149
hcpd,wm_corrected,174,0.0798127615889332,-0.0968597083073157,0.2621911047066138,11.084708216966416,9.725238577869735,12.321204509261516,0.1149
hcpd,wm_corrected,221,0.0951547466054312,-0.0785985594454663,0.2636333174211233,11.257166902099744,9.719664163376567,12.585330350058262,0.1149
hcpd,wm_corrected,281,0.0939556337782565,-0.0788622511661797,0.2490727229333533,11.167246805895212,9.822486820913776,12.281138547041191,0.1149
hcpd,wm_corrected,333,0.0880970405360753,-0.0677257135903405,0.2247429256340806,11.16036267509543,9.798090154076352,12.460734762750745,0.1149
abcd,ad,20,-0.0012062546495023,-0.0485146131646792,0.0560228846377605,2.309800075336901,2.0438363384482945,2.8852034359815524,0.0065
abcd,ad,25,0.0013807312794168,-0.0618505577010625,0.0576967716949487,2.293506646568942,2.044363199142889,2.7276252091652777,0.0065
abcd,ad,32,0.0019716674696068,-0.0553609539039103,0.0512221114876355,2.2954257174447497,2.046851762034403,2.724189077210405,0.0065
abcd,ad,41,0.0060113861784206,-0.0482775814150065,0.0524791869534262,2.2939454478545693,2.068288896155172,2.5743150759076023,0.0065
abcd,ad,52,0.008928738013186,-0.0513476662227165,0.0672031703675741,2.302728412386629,2.1030351705314465,2.6984702267895417,0.0065
abcd,ad,67,0.0068531771080853,-0.0547607919440338,0.0643819280113574,2.3055701010804874,2.1104521170954382,2.6047584814646605,0.0065
abcd,ad,85,0.0039035372012068,-0.0438780840454175,0.061656171611304,2.360470982514827,2.1647465660342475,2.6254073302083416,0.0065
abcd,ad,108,0.0028302038189151,-0.0408487167049893,0.0566248820547112,2.369921917549334,2.2018647440919006,2.669900219381121,0.0065
abcd,ad,137,0.0063664491452376,-0.0386506553272284,0.0595510505089146,2.3921284070444333,2.21531188717763,2.6914617891346357,0.0065
abcd,ad,174,0.0102075599514791,-0.0414460100964375,0.0598507436363077,2.405277300723089,2.210462669177166,2.7065752868343065,0.0065
abcd,ad,221,0.0139613335860683,-0.0400345897019399,0.0628424855401196,2.410942798827241,2.253910388145508,2.7088979876754187,0.0065
abcd,ad,281,0.0136676174711462,-0.0346591407730995,0.0586048954500642,2.4176565217315087,2.254157498296696,2.709727135643269,0.0065
abcd,ad,358,0.0192574949339069,-0.034452253485465,0.071967549801168,2.417606696536697,2.260444522580149,2.6964665499603964,0.0065
abcd,ad,455,0.0235221426793524,-0.027245773583436,0.0772135109574182,2.392549534746649,2.2593327074615823,2.668105607609667,0.0065
abcd,ad,578,0.0303813274270436,-0.0229966649750966,0.0744949368998336,2.3836904265116843,2.265454673356867,2.576469131447048,0.0065
abcd,ad,735,0.031524504505272,-0.0226644782773895,0.0827920464025276,2.381874445212819,2.2577255214185765,2.503738298808776,0.0065
abcd,ad,935,0.0315920648030984,-0.0144263189521726,0.0838749877133596,2.391048197690503,2.2703021743380973,2.5114549875461387,0.0065
abcd,ad,1189,0.0373914116549618,-0.0141537281036587,0.0818685860628965,2.387158906432332,2.28027072692034,2.5042161575740773,0.0065
abcd,ad,1512,0.0384348119565684,0.001613972103319,0.089889285652467,2.3781018551064026,2.278160166058536,2.4947685440169707,0.0065
abcd,ad,1923,0.0409007679793741,0.0030044604942186,0.0930713146004486,2.373816801634557,2.2822892878212224,2.477032158460684,0.0065
abcd,ad,2446,0.04659455848802,0.0033945305665933,0.0924347071313386,2.3642173883381714,2.265188559088449,2.4558765393337385,0.0065
abcd,ad,3110,0.0494862807454033,0.0075200733116773,0.0929753061078201,2.349893512103985,2.243926082522865,2.4461576440643946,0.0065
abcd,ad,3955,0.0529335077506085,0.0167643914202782,0.0969755742948437,2.324313772169165,2.217246127136288,2.4179899629439405,0.0065
abcd,ad,5030,0.0621302508022526,0.0253170533579679,0.1086176218734517,2.280575075400103,2.191935027387281,2.389276393779688,0.0065
abcd,ad,6393,0.0721759237960987,0.0423218482304877,0.1094688658509052,2.26758294963042,2.1898092346787097,2.357513085018261,0.0065
hbn,ad,20,0.0128319874750825,-0.1745465807979447,0.1368012125106425,3.60560636316968,3.261457776993358,4.264263678672454,0.38895
hbn,ad,25,0.0072291389145328,-0.1743960816379599,0.1393696187713644,3.5946083381292957,3.243602007954497,4.230158685220593,0.38895
hbn,ad,32,0.0047678977594962,-0.1629429819387561,0.1646335596925958,3.5960042103525525,3.2509198267515758,4.18156795971618,0.38895
hbn,ad,41,0.0038743383608554,-0.1505242432816267,0.1240405698307419,3.608339335212601,3.2291838911740047,4.247173422246618,0.38895
hbn,ad,52,0.008952899709211,-0.1515135626581834,0.1242293122968823,3.6013299630718727,3.2495912027045923,4.265715438202435,0.38895
hbn,ad,67,0.0008582129800429,-0.1641251443049876,0.1391612065243201,3.6152887369831257,3.255926641060332,4.088745348888371,0.38895
hbn,ad,85,0.0192277911357439,-0.1581559594535943,0.1253965344020085,3.625878844904473,3.289206924330484,4.165377574732512,0.38895
hbn,ad,108,0.0071891025654826,-0.1342866076592972,0.1319254473497803,3.635406255955493,3.2644759366315155,4.154520614078751,0.38895
hbn,ad,137,-0.0017030116363342,-0.1241941111085957,0.1506383559973047,3.682008457810059,3.27404871749677,4.16869378529204,0.38895
hbn,ad,174,0.0005611160090626,-0.1271715796522381,0.1545909725728925,3.703445324958622,3.297254099977549,4.201030992661559,0.38895
hbn,ad,221,0.0120402553358117,-0.1018401612664211,0.1235041045284286,3.684598878178925,3.3261865290674177,4.310105182287311,0.38895
hbn,ad,281,0.0046868904548966,-0.1286538770159416,0.1212822663334563,3.702780110878243,3.425932670550345,4.294603775459956,0.38895
hbn,ad,358,0.0037821309413724,-0.1149675578175138,0.1347557395909574,3.7041328283410095,3.378536043690349,4.2182722697489226,0.38895
hbn,ad,455,0.0171343804008384,-0.1274167345102136,0.1294068461273621,3.739163178013436,3.3168977220155207,4.17876161882832,0.38895
hbn,ad,578,-0.0014113313771379,-0.121795033953788,0.1201517311460721,3.714425912982776,3.368289860562773,4.160149463549927,0.38895
hbn,ad,735,0.0028337203852814,-0.1325071206656257,0.0985120162490428,3.703534298093529,3.394103065787085,4.128320572398814,0.38895
hbn,ad,935,0.0079690981944671,-0.0991777514289238,0.1013397540242997,3.683446755152184,3.38263304781153,4.078713608705447,0.38895
hbn,ad,950,0.0079245785208421,-0.1103031496979454,0.1083827671733473,3.685059894401818,3.4110114182228237,4.070948839405379,0.38895
hcpd,ad,20,0.008671784379675,-0.2088975451324204,0.1613391776787702,1.9936502756775265,1.7058077974080736,2.519136409006836,0.74935
hcpd,ad,25,-0.0010621289016302,-0.2124214709563614,0.1647782370808652,2.0037394900864443,1.7042527039717674,2.384703501617201,0.74935
hcpd,ad,32,-0.011568291942832,-0.1855643795348878,0.1536935267050246,2.010479954090496,1.724005353833245,2.3936395671208968,0.74935
hcpd,ad,41,-0.0214617585476682,-0.1885197343643734,0.1590512903347065,2.0307754951115005,1.6950962497819178,2.3550197037131504,0.74935
hcpd,ad,52,0.0111339173345552,-0.2362317041110846,0.1875882382551868,2.012222489259651,1.7385745479148322,2.334153387300891,0.74935
hcpd,ad,67,0.0040691465394786,-0.2223131491940377,0.1541185687679935,2.0218393980952776,1.737458710665062,2.4005660056289835,0.74935
hcpd,ad,85,-0.0207678804626098,-0.2050571805874365,0.1691973568015639,2.0625518120786848,1.7562679492716136,2.382466652524365,0.74935
hcpd,ad,108,-0.0100873925947791,-0.2085425842488585,0.1775515327376695,2.0759140444365363,1.8034501691849636,2.3927360763151877,0.74935
hcpd,ad,137,-0.0365357796707585,-0.2138272328177237,0.1672787951160171,2.1151451138963484,1.761413085149686,2.418077047119477,0.74935
hcpd,ad,174,-0.046463343650326,-0.2239784107211059,0.134996294961201,2.145626488549737,1.8472979093585489,2.4809595381586607,0.74935
hcpd,ad,221,-0.0482548017092218,-0.2142644299426754,0.1404734897930175,2.15341074049741,1.845303739124662,2.467137731540459,0.74935
hcpd,ad,281,-0.0632648189051262,-0.2152791824402563,0.1250170759962708,2.172314902926333,1.8967598677482769,2.489245481340662,0.74935
hcpd,ad,357,-0.0676137602515147,-0.2114294567156442,0.0996441004923951,2.2187903991145355,1.9232024263801628,2.482591091129249,0.74935
pnc,ad,20,0.0015286541361416,-0.1902101118961762,0.1902934006031184,3.054406996009288,2.646753809793395,3.8114573239036313,0.05475
pnc,ad,25,0.0084759488939148,-0.1525892594618347,0.192494167174738,3.0114953620016225,2.647309990055541,3.6250987897641314,0.05475
pnc,ad,32,0.0039867153068378,-0.1370640077739228,0.1956907754941972,3.018584188891876,2.6581073547146965,3.519818458805311,0.05475
pnc,ad,41,0.0241742342673941,-0.1211503858082124,0.1767811601684632,3.015687729301585,2.6664160428048453,3.419361751851586,0.05475
pnc,ad,52,0.0191665899254665,-0.1167183775226395,0.180937413835771,3.042919812467449,2.669756105715609,3.466898816933904,0.05475
pnc,ad,67,0.0439576804736021,-0.0975126311947853,0.1966899982665216,3.033009418766042,2.682696255597764,3.484261374549134,0.05475
pnc,ad,85,0.0495485638565544,-0.1104755759079692,0.1979139557728009,3.051674796118812,2.6994995697821613,3.469306449088963,0.05475
pnc,ad,108,0.0626093173885223,-0.0919449700504308,0.1946434842827783,3.0380160620678343,2.680956880957553,3.413601296304143,0.05475
pnc,ad,137,0.0648642433767986,-0.0742832547683606,0.2041480454768837,3.0382309838959607,2.700298049065746,3.4289433440716883,0.05475
pnc,ad,174,0.0741638004434712,-0.0798709645620246,0.2132465671169996,3.038480768499645,2.7317590823074456,3.4682258580878047,0.05475
pnc,ad,221,0.0764485932981262,-0.0654017883295818,0.2367527553437095,3.049812030352392,2.7433249067016807,3.423316679770369,0.05475
pnc,ad,281,0.0843836681638101,-0.0771670073390612,0.2209882829731251,3.0425942342018564,2.745946563625574,3.423634369037033,0.05475
pnc,ad,358,0.0839671602495458,-0.0652956437736961,0.2104233942344874,3.0527355302429164,2.7910682594370337,3.3916276359200954,0.05475
pnc,ad,455,0.1065751718201605,-0.0376364881908215,0.2180890155464055,3.067183699439205,2.818710488865379,3.375060478560427,0.05475
pnc,ad,578,0.1077688122942437,-0.0599786674549066,0.1958701663095324,3.0829794334186054,2.817578235601963,3.409626702985824,0.05475
pnc,ad,735,0.1091514291882916,-0.0079562462161695,0.2311763191356204,3.0764192331377727,2.7684239746713883,3.435765337105064,0.05475
pnc,ad,859,0.1250457642373018,0.013022286561911,0.2378611502100132,3.070083182583497,2.773309270044481,3.4667993927563745,0.05475
