train_dataset,test_dataset,pheno,num_train,num_test,r_pos_rate,r_sig_ground_truth,r_ground_truth,mae_pos_rate,mae_sig_ground_truth,mae_ground_truth
hcp,chcp,age,20,20,0.2891,1.0,0.5735302336011818,0.2588,1.0,12.158932360061776
hcp,chcp,age,20,25,0.3251,1.0,0.5735302336011818,0.2961,1.0,12.158932360061776
hcp,chcp,age,20,32,0.3674,1.0,0.5735302336011818,0.3329,1.0,12.158932360061776
hcp,chcp,age,20,41,0.3992,1.0,0.5735302336011818,0.3687,1.0,12.158932360061776
hcp,chcp,age,20,52,0.4329,1.0,0.5735302336011818,0.4012,1.0,12.158932360061776
hcp,chcp,age,20,67,0.4671,1.0,0.5735302336011818,0.4417,1.0,12.158932360061776
hcp,chcp,age,20,85,0.4957,1.0,0.5735302336011818,0.4686,1.0,12.158932360061776
hcp,chcp,age,20,108,0.5185,1.0,0.5735302336011818,0.4942,1.0,12.158932360061776
hcp,chcp,age,20,137,0.5377,1.0,0.5735302336011818,0.5148,1.0,12.158932360061776
hcp,chcp,age,20,174,0.563,1.0,0.5735302336011818,0.539,1.0,12.158932360061776
hcp,chcp,age,20,221,0.5747,1.0,0.5735302336011818,0.5579,1.0,12.158932360061776
hcp,chcp,age,20,281,0.5828,1.0,0.5735302336011818,0.5728,1.0,12.158932360061776
hcp,chcp,age,20,348,0.58,1.0,0.5735302336011818,0.5787,1.0,12.158932360061776
hcp,chcp,age,25,20,0.3138,1.0,0.5735302336011818,0.2702,1.0,12.158932360061776
hcp,chcp,age,25,25,0.3581,1.0,0.5735302336011818,0.3195,1.0,12.158932360061776
hcp,chcp,age,25,32,0.4034,1.0,0.5735302336011818,0.3613,1.0,12.158932360061776
hcp,chcp,age,25,41,0.4423,1.0,0.5735302336011818,0.4014,1.0,12.158932360061776
hcp,chcp,age,25,52,0.4771,1.0,0.5735302336011818,0.4369,1.0,12.158932360061776
hcp,chcp,age,25,67,0.5133,1.0,0.5735302336011818,0.4821,1.0,12.158932360061776
hcp,chcp,age,25,85,0.5355,1.0,0.5735302336011818,0.5099,1.0,12.158932360061776
hcp,chcp,age,25,108,0.5546,1.0,0.5735302336011818,0.5324,1.0,12.158932360061776
hcp,chcp,age,25,137,0.5702,1.0,0.5735302336011818,0.5544,1.0,12.158932360061776
hcp,chcp,age,25,174,0.5875,1.0,0.5735302336011818,0.5693,1.0,12.158932360061776
hcp,chcp,age,25,221,0.6018,1.0,0.5735302336011818,0.5824,1.0,12.158932360061776
hcp,chcp,age,25,281,0.6172,1.0,0.5735302336011818,0.5978,1.0,12.158932360061776
hcp,chcp,age,25,348,0.62,1.0,0.5735302336011818,0.6147,1.0,12.158932360061776
hcp,chcp,age,32,20,0.3468,1.0,0.5735302336011818,0.3064,1.0,12.158932360061776
hcp,chcp,age,32,25,0.3967,1.0,0.5735302336011818,0.3544,1.0,12.158932360061776
hcp,chcp,age,32,32,0.4321,1.0,0.5735302336011818,0.3943,1.0,12.158932360061776
hcp,chcp,age,32,41,0.4737,1.0,0.5735302336011818,0.4366,1.0,12.158932360061776
hcp,chcp,age,32,52,0.5147,1.0,0.5735302336011818,0.4751,1.0,12.158932360061776
hcp,chcp,age,32,67,0.5497,1.0,0.5735302336011818,0.5203,1.0,12.158932360061776
hcp,chcp,age,32,85,0.572,1.0,0.5735302336011818,0.5467,1.0,12.158932360061776
hcp,chcp,age,32,108,0.5892,1.0,0.5735302336011818,0.5689,1.0,12.158932360061776
hcp,chcp,age,32,137,0.6032,1.0,0.5735302336011818,0.5856,1.0,12.158932360061776
hcp,chcp,age,32,174,0.62,1.0,0.5735302336011818,0.6021,1.0,12.158932360061776
hcp,chcp,age,32,221,0.6344,1.0,0.5735302336011818,0.6213,1.0,12.158932360061776
hcp,chcp,age,32,281,0.6502,1.0,0.5735302336011818,0.6359,1.0,12.158932360061776
hcp,chcp,age,32,348,0.66,1.0,0.5735302336011818,0.6412,1.0,12.158932360061776
hcp,chcp,age,41,20,0.3797,1.0,0.5735302336011818,0.3404,1.0,12.158932360061776
hcp,chcp,age,41,25,0.432,1.0,0.5735302336011818,0.3916,1.0,12.158932360061776
hcp,chcp,age,41,32,0.475,1.0,0.5735302336011818,0.4333,1.0,12.158932360061776
hcp,chcp,age,41,41,0.5203,1.0,0.5735302336011818,0.4847,1.0,12.158932360061776
hcp,chcp,age,41,52,0.5573,1.0,0.5735302336011818,0.5249,1.0,12.158932360061776
hcp,chcp,age,41,67,0.596,1.0,0.5735302336011818,0.5717,1.0,12.158932360061776
hcp,chcp,age,41,85,0.6219,1.0,0.5735302336011818,0.6001,1.0,12.158932360061776
hcp,chcp,age,41,108,0.6405,1.0,0.5735302336011818,0.6244,1.0,12.158932360061776
hcp,chcp,age,41,137,0.6595,1.0,0.5735302336011818,0.6444,1.0,12.158932360061776
hcp,chcp,age,41,174,0.6759,1.0,0.5735302336011818,0.6644,1.0,12.158932360061776
hcp,chcp,age,41,221,0.6916,1.0,0.5735302336011818,0.6792,1.0,12.158932360061776
hcp,chcp,age,41,281,0.7058,1.0,0.5735302336011818,0.7022,1.0,12.158932360061776
hcp,chcp,age,41,348,0.72,1.0,0.5735302336011818,0.72,1.0,12.158932360061776
hcp,chcp,age,52,20,0.3871,1.0,0.5735302336011818,0.3521,1.0,12.158932360061776
hcp,chcp,age,52,25,0.4441,1.0,0.5735302336011818,0.4022,1.0,12.158932360061776
hcp,chcp,age,52,32,0.4797,1.0,0.5735302336011818,0.4427,1.0,12.158932360061776
hcp,chcp,age,52,41,0.5198,1.0,0.5735302336011818,0.4877,1.0,12.158932360061776
hcp,chcp,age,52,52,0.5619,1.0,0.5735302336011818,0.5309,1.0,12.158932360061776
hcp,chcp,age,52,67,0.6017,1.0,0.5735302336011818,0.5762,1.0,12.158932360061776
hcp,chcp,age,52,85,0.6254,1.0,0.5735302336011818,0.605,1.0,12.158932360061776
hcp,chcp,age,52,108,0.6443,1.0,0.5735302336011818,0.6274,1.0,12.158932360061776
hcp,chcp,age,52,137,0.6613,1.0,0.5735302336011818,0.6453,1.0,12.158932360061776
hcp,chcp,age,52,174,0.6839,1.0,0.5735302336011818,0.666,1.0,12.158932360061776
hcp,chcp,age,52,221,0.7033,1.0,0.5735302336011818,0.6871,1.0,12.158932360061776
hcp,chcp,age,52,281,0.7184,1.0,0.5735302336011818,0.7067,1.0,12.158932360061776
hcp,chcp,age,52,348,0.73,1.0,0.5735302336011818,0.7214,1.0,12.158932360061776
hcp,chcp,age,67,20,0.3996,1.0,0.5735302336011818,0.3589,1.0,12.158932360061776
hcp,chcp,age,67,25,0.4539,1.0,0.5735302336011818,0.4115,1.0,12.158932360061776
hcp,chcp,age,67,32,0.4964,1.0,0.5735302336011818,0.4578,1.0,12.158932360061776
hcp,chcp,age,67,41,0.5409,1.0,0.5735302336011818,0.5054,1.0,12.158932360061776
hcp,chcp,age,67,52,0.5856,1.0,0.5735302336011818,0.5451,1.0,12.158932360061776
hcp,chcp,age,67,67,0.6319,1.0,0.5735302336011818,0.5943,1.0,12.158932360061776
hcp,chcp,age,67,85,0.6639,1.0,0.5735302336011818,0.6321,1.0,12.158932360061776
hcp,chcp,age,67,108,0.6878,1.0,0.5735302336011818,0.659,1.0,12.158932360061776
hcp,chcp,age,67,137,0.7057,1.0,0.5735302336011818,0.6796,1.0,12.158932360061776
hcp,chcp,age,67,174,0.7271,1.0,0.5735302336011818,0.7063,1.0,12.158932360061776
hcp,chcp,age,67,221,0.7428,1.0,0.5735302336011818,0.7242,1.0,12.158932360061776
hcp,chcp,age,67,281,0.7558,1.0,0.5735302336011818,0.7474,1.0,12.158932360061776
hcp,chcp,age,67,348,0.76,1.0,0.5735302336011818,0.7665,1.0,12.158932360061776
hcp,chcp,age,85,20,0.462,1.0,0.5735302336011818,0.4225,1.0,12.158932360061776
hcp,chcp,age,85,25,0.5172,1.0,0.5735302336011818,0.4788,1.0,12.158932360061776
hcp,chcp,age,85,32,0.5646,1.0,0.5735302336011818,0.5296,1.0,12.158932360061776
hcp,chcp,age,85,41,0.6163,1.0,0.5735302336011818,0.5857,1.0,12.158932360061776
hcp,chcp,age,85,52,0.6634,1.0,0.5735302336011818,0.6322,1.0,12.158932360061776
hcp,chcp,age,85,67,0.7128,1.0,0.5735302336011818,0.6857,1.0,12.158932360061776
hcp,chcp,age,85,85,0.7456,1.0,0.5735302336011818,0.7169,1.0,12.158932360061776
hcp,chcp,age,85,108,0.7713,1.0,0.5735302336011818,0.7512,1.0,12.158932360061776
hcp,chcp,age,85,137,0.7949,1.0,0.5735302336011818,0.7813,1.0,12.158932360061776
hcp,chcp,age,85,174,0.8165,1.0,0.5735302336011818,0.8029,1.0,12.158932360061776
hcp,chcp,age,85,221,0.8336,1.0,0.5735302336011818,0.8231,1.0,12.158932360061776
hcp,chcp,age,85,281,0.8468,1.0,0.5735302336011818,0.8439,1.0,12.158932360061776
hcp,chcp,age,85,348,0.86,1.0,0.5735302336011818,0.8694,1.0,12.158932360061776
hcp,chcp,age,108,20,0.5217,1.0,0.5735302336011818,0.4847,1.0,12.158932360061776
hcp,chcp,age,108,25,0.5969,1.0,0.5735302336011818,0.5541,1.0,12.158932360061776
hcp,chcp,age,108,32,0.6558,1.0,0.5735302336011818,0.6179,1.0,12.158932360061776
hcp,chcp,age,108,41,0.7142,1.0,0.5735302336011818,0.6796,1.0,12.158932360061776
hcp,chcp,age,108,52,0.7686,1.0,0.5735302336011818,0.7336,1.0,12.158932360061776
hcp,chcp,age,108,67,0.8252,1.0,0.5735302336011818,0.7959,1.0,12.158932360061776
hcp,chcp,age,108,85,0.8599,1.0,0.5735302336011818,0.8399,1.0,12.158932360061776
hcp,chcp,age,108,108,0.8829,1.0,0.5735302336011818,0.8684,1.0,12.158932360061776
hcp,chcp,age,108,137,0.9014,1.0,0.5735302336011818,0.8942,1.0,12.158932360061776
hcp,chcp,age,108,174,0.9218,1.0,0.5735302336011818,0.9185,1.0,12.158932360061776
hcp,chcp,age,108,221,0.9361,1.0,0.5735302336011818,0.9354,1.0,12.158932360061776
hcp,chcp,age,108,281,0.9451,1.0,0.5735302336011818,0.9467,1.0,12.158932360061776
hcp,chcp,age,108,348,0.95,1.0,0.5735302336011818,0.9551,1.0,12.158932360061776
hcp,chcp,age,137,20,0.5562,1.0,0.5735302336011818,0.5189,1.0,12.158932360061776
hcp,chcp,age,137,25,0.6349,1.0,0.5735302336011818,0.5976,1.0,12.158932360061776
hcp,chcp,age,137,32,0.7019,1.0,0.5735302336011818,0.6619,1.0,12.158932360061776
hcp,chcp,age,137,41,0.767,1.0,0.5735302336011818,0.7295,1.0,12.158932360061776
hcp,chcp,age,137,52,0.8203,1.0,0.5735302336011818,0.7902,1.0,12.158932360061776
hcp,chcp,age,137,67,0.871,1.0,0.5735302336011818,0.8487,1.0,12.158932360061776
hcp,chcp,age,137,85,0.9019,1.0,0.5735302336011818,0.8862,1.0,12.158932360061776
hcp,chcp,age,137,108,0.9236,1.0,0.5735302336011818,0.9123,1.0,12.158932360061776
hcp,chcp,age,137,137,0.9399,1.0,0.5735302336011818,0.9323,1.0,12.158932360061776
hcp,chcp,age,137,174,0.9556,1.0,0.5735302336011818,0.947,1.0,12.158932360061776
hcp,chcp,age,137,221,0.9695,1.0,0.5735302336011818,0.962,1.0,12.158932360061776
hcp,chcp,age,137,281,0.9792,1.0,0.5735302336011818,0.9752,1.0,12.158932360061776
hcp,chcp,age,137,348,0.98,1.0,0.5735302336011818,0.98,1.0,12.158932360061776
hcp,chcp,age,174,20,0.598,1.0,0.5735302336011818,0.5578,1.0,12.158932360061776
hcp,chcp,age,174,25,0.6825,1.0,0.5735302336011818,0.6382,1.0,12.158932360061776
hcp,chcp,age,174,32,0.753,1.0,0.5735302336011818,0.7133,1.0,12.158932360061776
hcp,chcp,age,174,41,0.8147,1.0,0.5735302336011818,0.7824,1.0,12.158932360061776
hcp,chcp,age,174,52,0.867,1.0,0.5735302336011818,0.8344,1.0,12.158932360061776
hcp,chcp,age,174,67,0.9133,1.0,0.5735302336011818,0.8931,1.0,12.158932360061776
hcp,chcp,age,174,85,0.9408,1.0,0.5735302336011818,0.9259,1.0,12.158932360061776
hcp,chcp,age,174,108,0.9575,1.0,0.5735302336011818,0.946,1.0,12.158932360061776
hcp,chcp,age,174,137,0.9701,1.0,0.5735302336011818,0.9637,1.0,12.158932360061776
hcp,chcp,age,174,174,0.9766,1.0,0.5735302336011818,0.9742,1.0,12.158932360061776
hcp,chcp,age,174,221,0.9799,1.0,0.5735302336011818,0.9797,1.0,12.158932360061776
hcp,chcp,age,174,281,0.9806,1.0,0.5735302336011818,0.9808,1.0,12.158932360061776
hcp,chcp,age,174,348,0.98,1.0,0.5735302336011818,0.98,1.0,12.158932360061776
hcp,chcp,age,221,20,0.6296,1.0,0.5735302336011818,0.5979,1.0,12.158932360061776
hcp,chcp,age,221,25,0.7175,1.0,0.5735302336011818,0.6784,1.0,12.158932360061776
hcp,chcp,age,221,32,0.7886,1.0,0.5735302336011818,0.7531,1.0,12.158932360061776
hcp,chcp,age,221,41,0.8488,1.0,0.5735302336011818,0.8206,1.0,12.158932360061776
hcp,chcp,age,221,52,0.8925,1.0,0.5735302336011818,0.8693,1.0,12.158932360061776
hcp,chcp,age,221,67,0.9347,1.0,0.5735302336011818,0.9191,1.0,12.158932360061776
hcp,chcp,age,221,85,0.9562,1.0,0.5735302336011818,0.9473,1.0,12.158932360061776
hcp,chcp,age,221,108,0.9672,1.0,0.5735302336011818,0.9606,1.0,12.158932360061776
hcp,chcp,age,221,137,0.9755,1.0,0.5735302336011818,0.9733,1.0,12.158932360061776
hcp,chcp,age,221,174,0.9793,1.0,0.5735302336011818,0.9774,1.0,12.158932360061776
hcp,chcp,age,221,221,0.9801,1.0,0.5735302336011818,0.98,1.0,12.158932360061776
hcp,chcp,age,221,281,0.9802,1.0,0.5735302336011818,0.98,1.0,12.158932360061776
hcp,chcp,age,221,348,0.98,1.0,0.5735302336011818,0.98,1.0,12.158932360061776
hcp,chcp,age,281,20,0.6771,1.0,0.5735302336011818,0.6458,1.0,12.158932360061776
hcp,chcp,age,281,25,0.7595,1.0,0.5735302336011818,0.727,1.0,12.158932360061776
hcp,chcp,age,281,32,0.8263,1.0,0.5735302336011818,0.8013,1.0,12.158932360061776
hcp,chcp,age,281,41,0.8737,1.0,0.5735302336011818,0.8587,1.0,12.158932360061776
hcp,chcp,age,281,52,0.916,1.0,0.5735302336011818,0.8989,1.0,12.158932360061776
hcp,chcp,age,281,67,0.9462,1.0,0.5735302336011818,0.9397,1.0,12.158932360061776
hcp,chcp,age,281,85,0.9628,1.0,0.5735302336011818,0.9592,1.0,12.158932360061776
hcp,chcp,age,281,108,0.9692,1.0,0.5735302336011818,0.9676,1.0,12.158932360061776
hcp,chcp,age,281,137,0.9733,1.0,0.5735302336011818,0.9734,1.0,12.158932360061776
hcp,chcp,age,281,174,0.9784,1.0,0.5735302336011818,0.9768,1.0,12.158932360061776
hcp,chcp,age,281,221,0.9833,1.0,0.5735302336011818,0.9803,1.0,12.158932360061776
hcp,chcp,age,281,281,0.9886,1.0,0.5735302336011818,0.9842,1.0,12.158932360061776
hcp,chcp,age,281,348,0.99,1.0,0.5735302336011818,0.9846,1.0,12.158932360061776
hcp,chcp,age,358,20,0.7107,1.0,0.5735302336011818,0.6754,1.0,12.158932360061776
hcp,chcp,age,358,25,0.7953,1.0,0.5735302336011818,0.7614,1.0,12.158932360061776
hcp,chcp,age,358,32,0.8596,1.0,0.5735302336011818,0.8345,1.0,12.158932360061776
hcp,chcp,age,358,41,0.909,1.0,0.5735302336011818,0.8953,1.0,12.158932360061776
hcp,chcp,age,358,52,0.9475,1.0,0.5735302336011818,0.9321,1.0,12.158932360061776
hcp,chcp,age,358,67,0.9757,1.0,0.5735302336011818,0.9677,1.0,12.158932360061776
hcp,chcp,age,358,85,0.9905,1.0,0.5735302336011818,0.9876,1.0,12.158932360061776
hcp,chcp,age,358,108,0.9951,1.0,0.5735302336011818,0.9931,1.0,12.158932360061776
hcp,chcp,age,358,137,0.999,1.0,0.5735302336011818,0.9983,1.0,12.158932360061776
hcp,chcp,age,358,174,0.9999,1.0,0.5735302336011818,0.9995,1.0,12.158932360061776
hcp,chcp,age,358,221,1.0,1.0,0.5735302336011818,1.0,1.0,12.158932360061776
hcp,chcp,age,358,281,1.0,1.0,0.5735302336011818,1.0,1.0,12.158932360061776
hcp,chcp,age,358,348,1.0,1.0,0.5735302336011818,1.0,1.0,12.158932360061776
hcp,chcp,age,455,20,0.7414,1.0,0.5735302336011818,0.7143,1.0,12.158932360061776
hcp,chcp,age,455,25,0.8324,1.0,0.5735302336011818,0.801,1.0,12.158932360061776
hcp,chcp,age,455,32,0.8998,1.0,0.5735302336011818,0.877,1.0,12.158932360061776
hcp,chcp,age,455,41,0.9465,1.0,0.5735302336011818,0.929,1.0,12.158932360061776
hcp,chcp,age,455,52,0.9746,1.0,0.5735302336011818,0.9604,1.0,12.158932360061776
hcp,chcp,age,455,67,0.9917,1.0,0.5735302336011818,0.9858,1.0,12.158932360061776
hcp,chcp,age,455,85,0.9979,1.0,0.5735302336011818,0.9965,1.0,12.158932360061776
hcp,chcp,age,455,108,0.9994,1.0,0.5735302336011818,0.9995,1.0,12.158932360061776
hcp,chcp,age,455,137,1.0,1.0,0.5735302336011818,0.9998,1.0,12.158932360061776
hcp,chcp,age,455,174,1.0,1.0,0.5735302336011818,1.0,1.0,12.158932360061776
hcp,chcp,age,455,221,1.0,1.0,0.5735302336011818,1.0,1.0,12.158932360061776
hcp,chcp,age,455,281,1.0,1.0,0.5735302336011818,1.0,1.0,12.158932360061776
hcp,chcp,age,455,348,1.0,1.0,0.5735302336011818,1.0,1.0,12.158932360061776
hcp,chcp,age,578,20,0.7887,1.0,0.5735302336011818,0.7693,1.0,12.158932360061776
hcp,chcp,age,578,25,0.8649,1.0,0.5735302336011818,0.8472,1.0,12.158932360061776
hcp,chcp,age,578,32,0.9262,1.0,0.5735302336011818,0.9108,1.0,12.158932360061776
hcp,chcp,age,578,41,0.9638,1.0,0.5735302336011818,0.9547,1.0,12.158932360061776
hcp,chcp,age,578,52,0.9878,1.0,0.5735302336011818,0.9772,1.0,12.158932360061776
hcp,chcp,age,578,67,0.9967,1.0,0.5735302336011818,0.9932,1.0,12.158932360061776
hcp,chcp,age,578,85,0.9993,1.0,0.5735302336011818,0.9993,1.0,12.158932360061776
hcp,chcp,age,578,108,1.0,1.0,0.5735302336011818,0.9998,1.0,12.158932360061776
hcp,chcp,age,578,137,1.0,1.0,0.5735302336011818,1.0,1.0,12.158932360061776
hcp,chcp,age,578,174,1.0,1.0,0.5735302336011818,1.0,1.0,12.158932360061776
hcp,chcp,age,578,221,1.0,1.0,0.5735302336011818,1.0,1.0,12.158932360061776
hcp,chcp,age,578,281,1.0,1.0,0.5735302336011818,1.0,1.0,12.158932360061776
hcp,chcp,age,578,348,1.0,1.0,0.5735302336011818,1.0,1.0,12.158932360061776
hcp,chcp,age,735,20,0.826,1.0,0.5735302336011818,0.8084,1.0,12.158932360061776
hcp,chcp,age,735,25,0.8997,1.0,0.5735302336011818,0.8818,1.0,12.158932360061776
hcp,chcp,age,735,32,0.9517,1.0,0.5735302336011818,0.9406,1.0,12.158932360061776
hcp,chcp,age,735,41,0.9793,1.0,0.5735302336011818,0.9753,1.0,12.158932360061776
hcp,chcp,age,735,52,0.9949,1.0,0.5735302336011818,0.9884,1.0,12.158932360061776
hcp,chcp,age,735,67,0.9989,1.0,0.5735302336011818,0.9979,1.0,12.158932360061776
hcp,chcp,age,735,85,0.9998,1.0,0.5735302336011818,0.9998,1.0,12.158932360061776
hcp,chcp,age,735,108,0.9999,1.0,0.5735302336011818,1.0,1.0,12.158932360061776
hcp,chcp,age,735,137,1.0,1.0,0.5735302336011818,1.0,1.0,12.158932360061776
hcp,chcp,age,735,174,1.0,1.0,0.5735302336011818,1.0,1.0,12.158932360061776
hcp,chcp,age,735,221,1.0,1.0,0.5735302336011818,1.0,1.0,12.158932360061776
hcp,chcp,age,735,281,1.0,1.0,0.5735302336011818,1.0,1.0,12.158932360061776
hcp,chcp,age,735,348,1.0,1.0,0.5735302336011818,1.0,1.0,12.158932360061776
hcp,chcp,age,889,20,0.8598,1.0,0.5735302336011818,0.8454,1.0,12.158932360061776
hcp,chcp,age,889,25,0.921,1.0,0.5735302336011818,0.9125,1.0,12.158932360061776
hcp,chcp,age,889,32,0.9687,1.0,0.5735302336011818,0.9614,1.0,12.158932360061776
hcp,chcp,age,889,41,0.9906,1.0,0.5735302336011818,0.9858,1.0,12.158932360061776
hcp,chcp,age,889,52,0.9984,1.0,0.5735302336011818,0.9954,1.0,12.158932360061776
hcp,chcp,age,889,67,0.9999,1.0,0.5735302336011818,0.9999,1.0,12.158932360061776
hcp,chcp,age,889,85,1.0,1.0,0.5735302336011818,1.0,1.0,12.158932360061776
hcp,chcp,age,889,108,1.0,1.0,0.5735302336011818,1.0,1.0,12.158932360061776
hcp,chcp,age,889,137,1.0,1.0,0.5735302336011818,1.0,1.0,12.158932360061776
hcp,chcp,age,889,174,1.0,1.0,0.5735302336011818,1.0,1.0,12.158932360061776
hcp,chcp,age,889,221,1.0,1.0,0.5735302336011818,1.0,1.0,12.158932360061776
hcp,chcp,age,889,281,1.0,1.0,0.5735302336011818,1.0,1.0,12.158932360061776
hcp,chcp,age,889,348,1.0,1.0,0.5735302336011818,1.0,1.0,12.158932360061776
chcp,hcp,age,20,20,0.116,1.0,0.1100296159134671,0.2325,1.0,17.38703447511619
chcp,hcp,age,20,25,0.1366,1.0,0.1100296159134671,0.2831,1.0,17.38703447511619
chcp,hcp,age,20,32,0.1438,1.0,0.1100296159134671,0.3337,1.0,17.38703447511619
chcp,hcp,age,20,41,0.1515,1.0,0.1100296159134671,0.2512,1.0,17.38703447511619
chcp,hcp,age,20,52,0.1972,1.0,0.1100296159134671,0.1843,1.0,17.38703447511619
chcp,hcp,age,20,67,0.2126,1.0,0.1100296159134671,0.1801,1.0,17.38703447511619
chcp,hcp,age,20,85,0.2454,1.0,0.1100296159134671,0.1758,1.0,17.38703447511619
chcp,hcp,age,20,108,0.3035,1.0,0.1100296159134671,0.1839,1.0,17.38703447511619
chcp,hcp,age,20,137,0.3291,1.0,0.1100296159134671,0.2602,1.0,17.38703447511619
chcp,hcp,age,20,174,0.386,1.0,0.1100296159134671,0.237,1.0,17.38703447511619
chcp,hcp,age,20,221,0.4374,1.0,0.1100296159134671,0.2477,1.0,17.38703447511619
chcp,hcp,age,20,281,0.4947,1.0,0.1100296159134671,0.2821,1.0,17.38703447511619
chcp,hcp,age,20,358,0.5744,1.0,0.1100296159134671,0.3007,1.0,17.38703447511619
chcp,hcp,age,20,455,0.6333,1.0,0.1100296159134671,0.3078,1.0,17.38703447511619
chcp,hcp,age,20,578,0.6992,1.0,0.1100296159134671,0.3469,1.0,17.38703447511619
chcp,hcp,age,20,735,0.7594,1.0,0.1100296159134671,0.3667,1.0,17.38703447511619
chcp,hcp,age,20,935,0.7975,1.0,0.1100296159134671,0.3765,1.0,17.38703447511619
chcp,hcp,age,20,1089,0.81,1.0,0.1100296159134671,0.4091,1.0,17.38703447511619
chcp,hcp,age,25,20,0.1152,1.0,0.1100296159134671,0.233,1.0,17.38703447511619
chcp,hcp,age,25,25,0.1334,1.0,0.1100296159134671,0.2897,1.0,17.38703447511619
chcp,hcp,age,25,32,0.1426,1.0,0.1100296159134671,0.3338,1.0,17.38703447511619
chcp,hcp,age,25,41,0.144,1.0,0.1100296159134671,0.2505,1.0,17.38703447511619
chcp,hcp,age,25,52,0.1905,1.0,0.1100296159134671,0.1862,1.0,17.38703447511619
chcp,hcp,age,25,67,0.2046,1.0,0.1100296159134671,0.1776,1.0,17.38703447511619
chcp,hcp,age,25,85,0.2345,1.0,0.1100296159134671,0.1725,1.0,17.38703447511619
chcp,hcp,age,25,108,0.2946,1.0,0.1100296159134671,0.1839,1.0,17.38703447511619
chcp,hcp,age,25,137,0.3173,1.0,0.1100296159134671,0.2418,1.0,17.38703447511619
chcp,hcp,age,25,174,0.3736,1.0,0.1100296159134671,0.2227,1.0,17.38703447511619
chcp,hcp,age,25,221,0.4282,1.0,0.1100296159134671,0.2252,1.0,17.38703447511619
chcp,hcp,age,25,281,0.4858,1.0,0.1100296159134671,0.2517,1.0,17.38703447511619
chcp,hcp,age,25,358,0.5717,1.0,0.1100296159134671,0.2707,1.0,17.38703447511619
chcp,hcp,age,25,455,0.6387,1.0,0.1100296159134671,0.2855,1.0,17.38703447511619
chcp,hcp,age,25,578,0.7026,1.0,0.1100296159134671,0.3179,1.0,17.38703447511619
chcp,hcp,age,25,735,0.7619,1.0,0.1100296159134671,0.3541,1.0,17.38703447511619
chcp,hcp,age,25,935,0.7914,1.0,0.1100296159134671,0.3932,1.0,17.38703447511619
chcp,hcp,age,25,1089,0.82,1.0,0.1100296159134671,0.3882,1.0,17.38703447511619
chcp,hcp,age,32,20,0.1149,1.0,0.1100296159134671,0.2477,1.0,17.38703447511619
chcp,hcp,age,32,25,0.1331,1.0,0.1100296159134671,0.3016,1.0,17.38703447511619
chcp,hcp,age,32,32,0.1442,1.0,0.1100296159134671,0.3299,1.0,17.38703447511619
chcp,hcp,age,32,41,0.1484,1.0,0.1100296159134671,0.2444,1.0,17.38703447511619
chcp,hcp,age,32,52,0.198,1.0,0.1100296159134671,0.1861,1.0,17.38703447511619
chcp,hcp,age,32,67,0.2099,1.0,0.1100296159134671,0.1747,1.0,17.38703447511619
chcp,hcp,age,32,85,0.2362,1.0,0.1100296159134671,0.1757,1.0,17.38703447511619
chcp,hcp,age,32,108,0.2997,1.0,0.1100296159134671,0.1766,1.0,17.38703447511619
chcp,hcp,age,32,137,0.3254,1.0,0.1100296159134671,0.2194,1.0,17.38703447511619
chcp,hcp,age,32,174,0.3829,1.0,0.1100296159134671,0.1992,1.0,17.38703447511619
chcp,hcp,age,32,221,0.4386,1.0,0.1100296159134671,0.2145,1.0,17.38703447511619
chcp,hcp,age,32,281,0.502,1.0,0.1100296159134671,0.2213,1.0,17.38703447511619
chcp,hcp,age,32,358,0.5911,1.0,0.1100296159134671,0.2579,1.0,17.38703447511619
chcp,hcp,age,32,455,0.6566,1.0,0.1100296159134671,0.2766,1.0,17.38703447511619
chcp,hcp,age,32,578,0.7225,1.0,0.1100296159134671,0.3167,1.0,17.38703447511619
chcp,hcp,age,32,735,0.7833,1.0,0.1100296159134671,0.3557,1.0,17.38703447511619
chcp,hcp,age,32,935,0.8085,1.0,0.1100296159134671,0.396,1.0,17.38703447511619
chcp,hcp,age,32,1089,0.83,1.0,0.1100296159134671,0.4087,1.0,17.38703447511619
chcp,hcp,age,41,20,0.1104,1.0,0.1100296159134671,0.255,1.0,17.38703447511619
chcp,hcp,age,41,25,0.1283,1.0,0.1100296159134671,0.2984,1.0,17.38703447511619
chcp,hcp,age,41,32,0.1372,1.0,0.1100296159134671,0.3365,1.0,17.38703447511619
chcp,hcp,age,41,41,0.1459,1.0,0.1100296159134671,0.2484,1.0,17.38703447511619
chcp,hcp,age,41,52,0.1893,1.0,0.1100296159134671,0.1782,1.0,17.38703447511619
chcp,hcp,age,41,67,0.201,1.0,0.1100296159134671,0.1566,1.0,17.38703447511619
chcp,hcp,age,41,85,0.2249,1.0,0.1100296159134671,0.1517,1.0,17.38703447511619
chcp,hcp,age,41,108,0.2915,1.0,0.1100296159134671,0.1633,1.0,17.38703447511619
chcp,hcp,age,41,137,0.3105,1.0,0.1100296159134671,0.1918,1.0,17.38703447511619
chcp,hcp,age,41,174,0.3686,1.0,0.1100296159134671,0.1733,1.0,17.38703447511619
chcp,hcp,age,41,221,0.421,1.0,0.1100296159134671,0.1853,1.0,17.38703447511619
chcp,hcp,age,41,281,0.483,1.0,0.1100296159134671,0.1877,1.0,17.38703447511619
chcp,hcp,age,41,358,0.5709,1.0,0.1100296159134671,0.2112,1.0,17.38703447511619
chcp,hcp,age,41,455,0.6375,1.0,0.1100296159134671,0.2357,1.0,17.38703447511619
chcp,hcp,age,41,578,0.71,1.0,0.1100296159134671,0.2655,1.0,17.38703447511619
chcp,hcp,age,41,735,0.7824,1.0,0.1100296159134671,0.3015,1.0,17.38703447511619
chcp,hcp,age,41,935,0.8153,1.0,0.1100296159134671,0.3456,1.0,17.38703447511619
chcp,hcp,age,41,1089,0.83,1.0,0.1100296159134671,0.3903,1.0,17.38703447511619
chcp,hcp,age,52,20,0.1133,1.0,0.1100296159134671,0.2665,1.0,17.38703447511619
chcp,hcp,age,52,25,0.1341,1.0,0.1100296159134671,0.3227,1.0,17.38703447511619
chcp,hcp,age,52,32,0.147,1.0,0.1100296159134671,0.3478,1.0,17.38703447511619
chcp,hcp,age,52,41,0.1548,1.0,0.1100296159134671,0.2666,1.0,17.38703447511619
chcp,hcp,age,52,52,0.2014,1.0,0.1100296159134671,0.1975,1.0,17.38703447511619
chcp,hcp,age,52,67,0.2081,1.0,0.1100296159134671,0.1669,1.0,17.38703447511619
chcp,hcp,age,52,85,0.2373,1.0,0.1100296159134671,0.1716,1.0,17.38703447511619
chcp,hcp,age,52,108,0.3029,1.0,0.1100296159134671,0.1706,1.0,17.38703447511619
chcp,hcp,age,52,137,0.3293,1.0,0.1100296159134671,0.1941,1.0,17.38703447511619
chcp,hcp,age,52,174,0.3842,1.0,0.1100296159134671,0.178,1.0,17.38703447511619
chcp,hcp,age,52,221,0.441,1.0,0.1100296159134671,0.1896,1.0,17.38703447511619
chcp,hcp,age,52,281,0.5083,1.0,0.1100296159134671,0.196,1.0,17.38703447511619
chcp,hcp,age,52,358,0.6032,1.0,0.1100296159134671,0.2222,1.0,17.38703447511619
chcp,hcp,age,52,455,0.6739,1.0,0.1100296159134671,0.2455,1.0,17.38703447511619
chcp,hcp,age,52,578,0.7509,1.0,0.1100296159134671,0.2734,1.0,17.38703447511619
chcp,hcp,age,52,735,0.829,1.0,0.1100296159134671,0.3253,1.0,17.38703447511619
chcp,hcp,age,52,935,0.8615,1.0,0.1100296159134671,0.3776,1.0,17.38703447511619
chcp,hcp,age,52,1089,0.9,1.0,0.1100296159134671,0.4012,1.0,17.38703447511619
chcp,hcp,age,67,20,0.1122,1.0,0.1100296159134671,0.2656,1.0,17.38703447511619
chcp,hcp,age,67,25,0.1302,1.0,0.1100296159134671,0.3115,1.0,17.38703447511619
chcp,hcp,age,67,32,0.147,1.0,0.1100296159134671,0.3307,1.0,17.38703447511619
chcp,hcp,age,67,41,0.1512,1.0,0.1100296159134671,0.2527,1.0,17.38703447511619
chcp,hcp,age,67,52,0.1983,1.0,0.1100296159134671,0.1895,1.0,17.38703447511619
chcp,hcp,age,67,67,0.2039,1.0,0.1100296159134671,0.166,1.0,17.38703447511619
chcp,hcp,age,67,85,0.2313,1.0,0.1100296159134671,0.1594,1.0,17.38703447511619
chcp,hcp,age,67,108,0.295,1.0,0.1100296159134671,0.1674,1.0,17.38703447511619
chcp,hcp,age,67,137,0.317,1.0,0.1100296159134671,0.1797,1.0,17.38703447511619
chcp,hcp,age,67,174,0.3784,1.0,0.1100296159134671,0.1698,1.0,17.38703447511619
chcp,hcp,age,67,221,0.433,1.0,0.1100296159134671,0.1898,1.0,17.38703447511619
chcp,hcp,age,67,281,0.5001,1.0,0.1100296159134671,0.1935,1.0,17.38703447511619
chcp,hcp,age,67,358,0.6017,1.0,0.1100296159134671,0.2247,1.0,17.38703447511619
chcp,hcp,age,67,455,0.6889,1.0,0.1100296159134671,0.2546,1.0,17.38703447511619
chcp,hcp,age,67,578,0.78,1.0,0.1100296159134671,0.2953,1.0,17.38703447511619
chcp,hcp,age,67,735,0.8624,1.0,0.1100296159134671,0.3472,1.0,17.38703447511619
chcp,hcp,age,67,935,0.9078,1.0,0.1100296159134671,0.4211,1.0,17.38703447511619
chcp,hcp,age,67,1089,0.93,1.0,0.1100296159134671,0.4468,1.0,17.38703447511619
chcp,hcp,age,85,20,0.1165,1.0,0.1100296159134671,0.2701,1.0,17.38703447511619
chcp,hcp,age,85,25,0.1351,1.0,0.1100296159134671,0.3278,1.0,17.38703447511619
chcp,hcp,age,85,32,0.1517,1.0,0.1100296159134671,0.3385,1.0,17.38703447511619
chcp,hcp,age,85,41,0.1582,1.0,0.1100296159134671,0.2566,1.0,17.38703447511619
chcp,hcp,age,85,52,0.2045,1.0,0.1100296159134671,0.1945,1.0,17.38703447511619
chcp,hcp,age,85,67,0.2127,1.0,0.1100296159134671,0.1658,1.0,17.38703447511619
chcp,hcp,age,85,85,0.2402,1.0,0.1100296159134671,0.161,1.0,17.38703447511619
chcp,hcp,age,85,108,0.306,1.0,0.1100296159134671,0.1667,1.0,17.38703447511619
chcp,hcp,age,85,137,0.3323,1.0,0.1100296159134671,0.1764,1.0,17.38703447511619
chcp,hcp,age,85,174,0.3942,1.0,0.1100296159134671,0.175,1.0,17.38703447511619
chcp,hcp,age,85,221,0.4507,1.0,0.1100296159134671,0.187,1.0,17.38703447511619
chcp,hcp,age,85,281,0.5246,1.0,0.1100296159134671,0.1919,1.0,17.38703447511619
chcp,hcp,age,85,358,0.6287,1.0,0.1100296159134671,0.2249,1.0,17.38703447511619
chcp,hcp,age,85,455,0.7206,1.0,0.1100296159134671,0.259,1.0,17.38703447511619
chcp,hcp,age,85,578,0.8233,1.0,0.1100296159134671,0.306,1.0,17.38703447511619
chcp,hcp,age,85,735,0.9104,1.0,0.1100296159134671,0.3692,1.0,17.38703447511619
chcp,hcp,age,85,935,0.9601,1.0,0.1100296159134671,0.4559,1.0,17.38703447511619
chcp,hcp,age,85,1089,0.98,1.0,0.1100296159134671,0.5614,1.0,17.38703447511619
chcp,hcp,age,108,20,0.1107,1.0,0.1100296159134671,0.2672,1.0,17.38703447511619
chcp,hcp,age,108,25,0.1283,1.0,0.1100296159134671,0.3328,1.0,17.38703447511619
chcp,hcp,age,108,32,0.1428,1.0,0.1100296159134671,0.3406,1.0,17.38703447511619
chcp,hcp,age,108,41,0.1502,1.0,0.1100296159134671,0.2619,1.0,17.38703447511619
chcp,hcp,age,108,52,0.1945,1.0,0.1100296159134671,0.2056,1.0,17.38703447511619
chcp,hcp,age,108,67,0.2005,1.0,0.1100296159134671,0.1687,1.0,17.38703447511619
chcp,hcp,age,108,85,0.2252,1.0,0.1100296159134671,0.1603,1.0,17.38703447511619
chcp,hcp,age,108,108,0.2926,1.0,0.1100296159134671,0.1632,1.0,17.38703447511619
chcp,hcp,age,108,137,0.3166,1.0,0.1100296159134671,0.1774,1.0,17.38703447511619
chcp,hcp,age,108,174,0.3781,1.0,0.1100296159134671,0.1721,1.0,17.38703447511619
chcp,hcp,age,108,221,0.4325,1.0,0.1100296159134671,0.1871,1.0,17.38703447511619
chcp,hcp,age,108,281,0.5122,1.0,0.1100296159134671,0.1916,1.0,17.38703447511619
chcp,hcp,age,108,358,0.6212,1.0,0.1100296159134671,0.2325,1.0,17.38703447511619
chcp,hcp,age,108,455,0.7217,1.0,0.1100296159134671,0.2651,1.0,17.38703447511619
chcp,hcp,age,108,578,0.8283,1.0,0.1100296159134671,0.3123,1.0,17.38703447511619
chcp,hcp,age,108,735,0.9188,1.0,0.1100296159134671,0.3783,1.0,17.38703447511619
chcp,hcp,age,108,935,0.9702,1.0,0.1100296159134671,0.4764,1.0,17.38703447511619
chcp,hcp,age,108,1089,1.0,1.0,0.1100296159134671,0.5704,1.0,17.38703447511619
chcp,hcp,age,137,20,0.1077,1.0,0.1100296159134671,0.2728,1.0,17.38703447511619
chcp,hcp,age,137,25,0.1305,1.0,0.1100296159134671,0.3536,1.0,17.38703447511619
chcp,hcp,age,137,32,0.1458,1.0,0.1100296159134671,0.35,1.0,17.38703447511619
chcp,hcp,age,137,41,0.1528,1.0,0.1100296159134671,0.2721,1.0,17.38703447511619
chcp,hcp,age,137,52,0.1941,1.0,0.1100296159134671,0.2128,1.0,17.38703447511619
chcp,hcp,age,137,67,0.2051,1.0,0.1100296159134671,0.1706,1.0,17.38703447511619
chcp,hcp,age,137,85,0.2275,1.0,0.1100296159134671,0.1655,1.0,17.38703447511619
chcp,hcp,age,137,108,0.2979,1.0,0.1100296159134671,0.1696,1.0,17.38703447511619
chcp,hcp,age,137,137,0.3212,1.0,0.1100296159134671,0.1784,1.0,17.38703447511619
chcp,hcp,age,137,174,0.3824,1.0,0.1100296159134671,0.1784,1.0,17.38703447511619
chcp,hcp,age,137,221,0.4391,1.0,0.1100296159134671,0.1937,1.0,17.38703447511619
chcp,hcp,age,137,281,0.5183,1.0,0.1100296159134671,0.2051,1.0,17.38703447511619
chcp,hcp,age,137,358,0.6448,1.0,0.1100296159134671,0.2458,1.0,17.38703447511619
chcp,hcp,age,137,455,0.762,1.0,0.1100296159134671,0.2866,1.0,17.38703447511619
chcp,hcp,age,137,578,0.8739,1.0,0.1100296159134671,0.3448,1.0,17.38703447511619
chcp,hcp,age,137,735,0.9606,1.0,0.1100296159134671,0.4304,1.0,17.38703447511619
chcp,hcp,age,137,935,0.9965,1.0,0.1100296159134671,0.5526,1.0,17.38703447511619
chcp,hcp,age,137,1089,1.0,1.0,0.1100296159134671,0.7097,1.0,17.38703447511619
chcp,hcp,age,174,20,0.109,1.0,0.1100296159134671,0.2867,1.0,17.38703447511619
chcp,hcp,age,174,25,0.1289,1.0,0.1100296159134671,0.3888,1.0,17.38703447511619
chcp,hcp,age,174,32,0.1485,1.0,0.1100296159134671,0.3843,1.0,17.38703447511619
chcp,hcp,age,174,41,0.1524,1.0,0.1100296159134671,0.2969,1.0,17.38703447511619
chcp,hcp,age,174,52,0.1967,1.0,0.1100296159134671,0.2376,1.0,17.38703447511619
chcp,hcp,age,174,67,0.2071,1.0,0.1100296159134671,0.1842,1.0,17.38703447511619
chcp,hcp,age,174,85,0.2265,1.0,0.1100296159134671,0.1719,1.0,17.38703447511619
chcp,hcp,age,174,108,0.302,1.0,0.1100296159134671,0.1787,1.0,17.38703447511619
chcp,hcp,age,174,137,0.3254,1.0,0.1100296159134671,0.1857,1.0,17.38703447511619
chcp,hcp,age,174,174,0.3878,1.0,0.1100296159134671,0.1858,1.0,17.38703447511619
chcp,hcp,age,174,221,0.4437,1.0,0.1100296159134671,0.2139,1.0,17.38703447511619
chcp,hcp,age,174,281,0.5235,1.0,0.1100296159134671,0.2304,1.0,17.38703447511619
chcp,hcp,age,174,358,0.6602,1.0,0.1100296159134671,0.2761,1.0,17.38703447511619
chcp,hcp,age,174,455,0.781,1.0,0.1100296159134671,0.3188,1.0,17.38703447511619
chcp,hcp,age,174,578,0.8959,1.0,0.1100296159134671,0.3962,1.0,17.38703447511619
chcp,hcp,age,174,735,0.9714,1.0,0.1100296159134671,0.5012,1.0,17.38703447511619
chcp,hcp,age,174,935,0.9927,1.0,0.1100296159134671,0.6621,1.0,17.38703447511619
chcp,hcp,age,174,1089,1.0,1.0,0.1100296159134671,0.8519,1.0,17.38703447511619
chcp,hcp,age,221,20,0.1103,1.0,0.1100296159134671,0.293,1.0,17.38703447511619
chcp,hcp,age,221,25,0.1331,1.0,0.1100296159134671,0.4125,1.0,17.38703447511619
chcp,hcp,age,221,32,0.1526,1.0,0.1100296159134671,0.4135,1.0,17.38703447511619
chcp,hcp,age,221,41,0.1557,1.0,0.1100296159134671,0.3236,1.0,17.38703447511619
chcp,hcp,age,221,52,0.2089,1.0,0.1100296159134671,0.2659,1.0,17.38703447511619
chcp,hcp,age,221,67,0.2192,1.0,0.1100296159134671,0.2093,1.0,17.38703447511619
chcp,hcp,age,221,85,0.2418,1.0,0.1100296159134671,0.1946,1.0,17.38703447511619
chcp,hcp,age,221,108,0.3241,1.0,0.1100296159134671,0.202,1.0,17.38703447511619
chcp,hcp,age,221,137,0.3446,1.0,0.1100296159134671,0.2033,1.0,17.38703447511619
chcp,hcp,age,221,174,0.4152,1.0,0.1100296159134671,0.2012,1.0,17.38703447511619
chcp,hcp,age,221,221,0.4755,1.0,0.1100296159134671,0.2327,1.0,17.38703447511619
chcp,hcp,age,221,281,0.5567,1.0,0.1100296159134671,0.2539,1.0,17.38703447511619
chcp,hcp,age,221,358,0.7026,1.0,0.1100296159134671,0.3024,1.0,17.38703447511619
chcp,hcp,age,221,455,0.8334,1.0,0.1100296159134671,0.3531,1.0,17.38703447511619
chcp,hcp,age,221,578,0.9353,1.0,0.1100296159134671,0.428,1.0,17.38703447511619
chcp,hcp,age,221,735,0.9923,1.0,0.1100296159134671,0.5654,1.0,17.38703447511619
chcp,hcp,age,221,935,1.0,1.0,0.1100296159134671,0.7413,1.0,17.38703447511619
chcp,hcp,age,221,1089,1.0,1.0,0.1100296159134671,0.9138,1.0,17.38703447511619
chcp,hcp,age,273,20,0.1089,1.0,0.1100296159134671,0.3128,1.0,17.38703447511619
chcp,hcp,age,273,25,0.126,1.0,0.1100296159134671,0.4344,1.0,17.38703447511619
chcp,hcp,age,273,32,0.153,1.0,0.1100296159134671,0.4453,1.0,17.38703447511619
chcp,hcp,age,273,41,0.1508,1.0,0.1100296159134671,0.3425,1.0,17.38703447511619
chcp,hcp,age,273,52,0.207,1.0,0.1100296159134671,0.2976,1.0,17.38703447511619
chcp,hcp,age,273,67,0.2156,1.0,0.1100296159134671,0.2275,1.0,17.38703447511619
chcp,hcp,age,273,85,0.2386,1.0,0.1100296159134671,0.2206,1.0,17.38703447511619
chcp,hcp,age,273,108,0.3281,1.0,0.1100296159134671,0.2192,1.0,17.38703447511619
chcp,hcp,age,273,137,0.3451,1.0,0.1100296159134671,0.2101,1.0,17.38703447511619
chcp,hcp,age,273,174,0.4124,1.0,0.1100296159134671,0.2064,1.0,17.38703447511619
chcp,hcp,age,273,221,0.4766,1.0,0.1100296159134671,0.2386,1.0,17.38703447511619
chcp,hcp,age,273,281,0.5496,1.0,0.1100296159134671,0.2522,1.0,17.38703447511619
chcp,hcp,age,273,358,0.7131,1.0,0.1100296159134671,0.3046,1.0,17.38703447511619
chcp,hcp,age,273,455,0.8467,1.0,0.1100296159134671,0.3573,1.0,17.38703447511619
chcp,hcp,age,273,578,0.9474,1.0,0.1100296159134671,0.4356,1.0,17.38703447511619
chcp,hcp,age,273,735,0.9978,1.0,0.1100296159134671,0.5851,1.0,17.38703447511619
chcp,hcp,age,273,935,1.0,1.0,0.1100296159134671,0.791,1.0,17.38703447511619
chcp,hcp,age,273,1089,1.0,1.0,0.1100296159134671,0.9646,1.0,17.38703447511619
hcp,chcp,rel,20,20,0.0572,1.0,0.1112267582173866,0.0528,0.0,14.080983638071814
hcp,chcp,rel,20,25,0.0655,1.0,0.1112267582173866,0.055,0.0,14.080983638071814
hcp,chcp,rel,20,32,0.0704,1.0,0.1112267582173866,0.0571,0.0,14.080983638071814
hcp,chcp,rel,20,41,0.0778,1.0,0.1112267582173866,0.0611,0.0,14.080983638071814
hcp,chcp,rel,20,52,0.0819,1.0,0.1112267582173866,0.07,0.0,14.080983638071814
hcp,chcp,rel,20,67,0.0904,1.0,0.1112267582173866,0.0721,0.0,14.080983638071814
hcp,chcp,rel,20,85,0.0987,1.0,0.1112267582173866,0.0802,0.0,14.080983638071814
hcp,chcp,rel,20,108,0.1145,1.0,0.1112267582173866,0.091,0.0,14.080983638071814
hcp,chcp,rel,20,137,0.1155,1.0,0.1112267582173866,0.0885,0.0,14.080983638071814
hcp,chcp,rel,20,174,0.1279,1.0,0.1112267582173866,0.093,0.0,14.080983638071814
hcp,chcp,rel,20,221,0.1547,1.0,0.1112267582173866,0.0966,0.0,14.080983638071814
hcp,chcp,rel,20,234,0.16,1.0,0.1112267582173866,0.091,0.0,14.080983638071814
hcp,chcp,rel,25,20,0.062,1.0,0.1112267582173866,0.0567,0.0,14.080983638071814
hcp,chcp,rel,25,25,0.0652,1.0,0.1112267582173866,0.06,0.0,14.080983638071814
hcp,chcp,rel,25,32,0.074,1.0,0.1112267582173866,0.0678,0.0,14.080983638071814
hcp,chcp,rel,25,41,0.0824,1.0,0.1112267582173866,0.073,0.0,14.080983638071814
hcp,chcp,rel,25,52,0.0885,1.0,0.1112267582173866,0.0797,0.0,14.080983638071814
hcp,chcp,rel,25,67,0.1032,1.0,0.1112267582173866,0.0932,0.0,14.080983638071814
hcp,chcp,rel,25,85,0.11,1.0,0.1112267582173866,0.1007,0.0,14.080983638071814
hcp,chcp,rel,25,108,0.1292,1.0,0.1112267582173866,0.1136,0.0,14.080983638071814
hcp,chcp,rel,25,137,0.1306,1.0,0.1112267582173866,0.1173,0.0,14.080983638071814
hcp,chcp,rel,25,174,0.1515,1.0,0.1112267582173866,0.1297,0.0,14.080983638071814
hcp,chcp,rel,25,221,0.1867,1.0,0.1112267582173866,0.1514,0.0,14.080983638071814
hcp,chcp,rel,25,234,0.17,1.0,0.1112267582173866,0.1613,0.0,14.080983638071814
hcp,chcp,rel,32,20,0.0699,1.0,0.1112267582173866,0.0642,0.0,14.080983638071814
hcp,chcp,rel,32,25,0.0783,1.0,0.1112267582173866,0.0709,0.0,14.080983638071814
hcp,chcp,rel,32,32,0.0884,1.0,0.1112267582173866,0.0781,0.0,14.080983638071814
hcp,chcp,rel,32,41,0.1014,1.0,0.1112267582173866,0.0888,0.0,14.080983638071814
hcp,chcp,rel,32,52,0.109,1.0,0.1112267582173866,0.099,0.0,14.080983638071814
hcp,chcp,rel,32,67,0.1271,1.0,0.1112267582173866,0.1132,0.0,14.080983638071814
hcp,chcp,rel,32,85,0.1368,1.0,0.1112267582173866,0.1204,0.0,14.080983638071814
hcp,chcp,rel,32,108,0.1627,1.0,0.1112267582173866,0.1447,0.0,14.080983638071814
hcp,chcp,rel,32,137,0.168,1.0,0.1112267582173866,0.1461,0.0,14.080983638071814
hcp,chcp,rel,32,174,0.1897,1.0,0.1112267582173866,0.1672,0.0,14.080983638071814
hcp,chcp,rel,32,221,0.2383,1.0,0.1112267582173866,0.1919,0.0,14.080983638071814
hcp,chcp,rel,32,234,0.28,1.0,0.1112267582173866,0.1903,0.0,14.080983638071814
hcp,chcp,rel,41,20,0.0701,1.0,0.1112267582173866,0.0643,0.0,14.080983638071814
hcp,chcp,rel,41,25,0.0719,1.0,0.1112267582173866,0.0659,0.0,14.080983638071814
hcp,chcp,rel,41,32,0.0856,1.0,0.1112267582173866,0.0717,0.0,14.080983638071814
hcp,chcp,rel,41,41,0.097,1.0,0.1112267582173866,0.0841,0.0,14.080983638071814
hcp,chcp,rel,41,52,0.1079,1.0,0.1112267582173866,0.0919,0.0,14.080983638071814
hcp,chcp,rel,41,67,0.1177,1.0,0.1112267582173866,0.1019,0.0,14.080983638071814
hcp,chcp,rel,41,85,0.13,1.0,0.1112267582173866,0.1103,0.0,14.080983638071814
hcp,chcp,rel,41,108,0.1542,1.0,0.1112267582173866,0.1333,0.0,14.080983638071814
hcp,chcp,rel,41,137,0.1563,1.0,0.1112267582173866,0.1311,0.0,14.080983638071814
hcp,chcp,rel,41,174,0.1792,1.0,0.1112267582173866,0.1504,0.0,14.080983638071814
hcp,chcp,rel,41,221,0.2139,1.0,0.1112267582173866,0.1718,0.0,14.080983638071814
hcp,chcp,rel,41,234,0.21,1.0,0.1112267582173866,0.1742,0.0,14.080983638071814
hcp,chcp,rel,52,20,0.0663,1.0,0.1112267582173866,0.0636,0.0,14.080983638071814
hcp,chcp,rel,52,25,0.0713,1.0,0.1112267582173866,0.0676,0.0,14.080983638071814
hcp,chcp,rel,52,32,0.0802,1.0,0.1112267582173866,0.0743,0.0,14.080983638071814
hcp,chcp,rel,52,41,0.0971,1.0,0.1112267582173866,0.0833,0.0,14.080983638071814
hcp,chcp,rel,52,52,0.1075,1.0,0.1112267582173866,0.0927,0.0,14.080983638071814
hcp,chcp,rel,52,67,0.1197,1.0,0.1112267582173866,0.1012,0.0,14.080983638071814
hcp,chcp,rel,52,85,0.1281,1.0,0.1112267582173866,0.1116,0.0,14.080983638071814
hcp,chcp,rel,52,108,0.1568,1.0,0.1112267582173866,0.1334,0.0,14.080983638071814
hcp,chcp,rel,52,137,0.1615,1.0,0.1112267582173866,0.1353,0.0,14.080983638071814
hcp,chcp,rel,52,174,0.1917,1.0,0.1112267582173866,0.1561,0.0,14.080983638071814
hcp,chcp,rel,52,221,0.2395,1.0,0.1112267582173866,0.1861,0.0,14.080983638071814
hcp,chcp,rel,52,234,0.26,1.0,0.1112267582173866,0.1992,0.0,14.080983638071814
hcp,chcp,rel,67,20,0.0657,1.0,0.1112267582173866,0.062,0.0,14.080983638071814
hcp,chcp,rel,67,25,0.0694,1.0,0.1112267582173866,0.0633,0.0,14.080983638071814
hcp,chcp,rel,67,32,0.0829,1.0,0.1112267582173866,0.0708,0.0,14.080983638071814
hcp,chcp,rel,67,41,0.0912,1.0,0.1112267582173866,0.0775,0.0,14.080983638071814
hcp,chcp,rel,67,52,0.101,1.0,0.1112267582173866,0.0913,0.0,14.080983638071814
hcp,chcp,rel,67,67,0.115,1.0,0.1112267582173866,0.0988,0.0,14.080983638071814
hcp,chcp,rel,67,85,0.1212,1.0,0.1112267582173866,0.1066,0.0,14.080983638071814
hcp,chcp,rel,67,108,0.1438,1.0,0.1112267582173866,0.1217,0.0,14.080983638071814
hcp,chcp,rel,67,137,0.1504,1.0,0.1112267582173866,0.119,0.0,14.080983638071814
hcp,chcp,rel,67,174,0.1756,1.0,0.1112267582173866,0.1481,0.0,14.080983638071814
hcp,chcp,rel,67,221,0.2423,1.0,0.1112267582173866,0.1787,0.0,14.080983638071814
hcp,chcp,rel,67,234,0.28,1.0,0.1112267582173866,0.1894,0.0,14.080983638071814
hcp,chcp,rel,85,20,0.0677,1.0,0.1112267582173866,0.0667,0.0,14.080983638071814
hcp,chcp,rel,85,25,0.0737,1.0,0.1112267582173866,0.0661,0.0,14.080983638071814
hcp,chcp,rel,85,32,0.0837,1.0,0.1112267582173866,0.077,0.0,14.080983638071814
hcp,chcp,rel,85,41,0.0958,1.0,0.1112267582173866,0.0829,0.0,14.080983638071814
hcp,chcp,rel,85,52,0.105,1.0,0.1112267582173866,0.0982,0.0,14.080983638071814
hcp,chcp,rel,85,67,0.1182,1.0,0.1112267582173866,0.1037,0.0,14.080983638071814
hcp,chcp,rel,85,85,0.1266,1.0,0.1112267582173866,0.1183,0.0,14.080983638071814
hcp,chcp,rel,85,108,0.148,1.0,0.1112267582173866,0.134,0.0,14.080983638071814
hcp,chcp,rel,85,137,0.157,1.0,0.1112267582173866,0.1421,0.0,14.080983638071814
hcp,chcp,rel,85,174,0.1854,1.0,0.1112267582173866,0.1564,0.0,14.080983638071814
hcp,chcp,rel,85,221,0.2252,1.0,0.1112267582173866,0.1762,0.0,14.080983638071814
hcp,chcp,rel,85,234,0.23,1.0,0.1112267582173866,0.1753,0.0,14.080983638071814
hcp,chcp,rel,108,20,0.07,1.0,0.1112267582173866,0.0729,0.0,14.080983638071814
hcp,chcp,rel,108,25,0.0779,1.0,0.1112267582173866,0.0744,0.0,14.080983638071814
hcp,chcp,rel,108,32,0.0907,1.0,0.1112267582173866,0.0856,0.0,14.080983638071814
hcp,chcp,rel,108,41,0.1015,1.0,0.1112267582173866,0.092,0.0,14.080983638071814
hcp,chcp,rel,108,52,0.1181,1.0,0.1112267582173866,0.1108,0.0,14.080983638071814
hcp,chcp,rel,108,67,0.1291,1.0,0.1112267582173866,0.1225,0.0,14.080983638071814
hcp,chcp,rel,108,85,0.142,1.0,0.1112267582173866,0.1359,0.0,14.080983638071814
hcp,chcp,rel,108,108,0.1626,1.0,0.1112267582173866,0.1579,0.0,14.080983638071814
hcp,chcp,rel,108,137,0.1706,1.0,0.1112267582173866,0.1595,0.0,14.080983638071814
hcp,chcp,rel,108,174,0.1949,1.0,0.1112267582173866,0.1879,0.0,14.080983638071814
hcp,chcp,rel,108,221,0.2376,1.0,0.1112267582173866,0.2216,0.0,14.080983638071814
hcp,chcp,rel,108,234,0.27,1.0,0.1112267582173866,0.2284,0.0,14.080983638071814
hcp,chcp,rel,137,20,0.0745,1.0,0.1112267582173866,0.0738,0.0,14.080983638071814
hcp,chcp,rel,137,25,0.081,1.0,0.1112267582173866,0.0839,0.0,14.080983638071814
hcp,chcp,rel,137,32,0.0953,1.0,0.1112267582173866,0.0928,0.0,14.080983638071814
hcp,chcp,rel,137,41,0.1009,1.0,0.1112267582173866,0.0981,0.0,14.080983638071814
hcp,chcp,rel,137,52,0.1149,1.0,0.1112267582173866,0.1121,0.0,14.080983638071814
hcp,chcp,rel,137,67,0.1255,1.0,0.1112267582173866,0.1202,0.0,14.080983638071814
hcp,chcp,rel,137,85,0.1317,1.0,0.1112267582173866,0.1308,0.0,14.080983638071814
hcp,chcp,rel,137,108,0.1548,1.0,0.1112267582173866,0.1491,0.0,14.080983638071814
hcp,chcp,rel,137,137,0.1624,1.0,0.1112267582173866,0.1528,0.0,14.080983638071814
hcp,chcp,rel,137,174,0.1857,1.0,0.1112267582173866,0.1697,0.0,14.080983638071814
hcp,chcp,rel,137,221,0.2132,1.0,0.1112267582173866,0.1883,0.0,14.080983638071814
hcp,chcp,rel,137,234,0.22,1.0,0.1112267582173866,0.1878,0.0,14.080983638071814
hcp,chcp,rel,174,20,0.0829,1.0,0.1112267582173866,0.0806,0.0,14.080983638071814
hcp,chcp,rel,174,25,0.0876,1.0,0.1112267582173866,0.0891,0.0,14.080983638071814
hcp,chcp,rel,174,32,0.1005,1.0,0.1112267582173866,0.0979,0.0,14.080983638071814
hcp,chcp,rel,174,41,0.1159,1.0,0.1112267582173866,0.1096,0.0,14.080983638071814
hcp,chcp,rel,174,52,0.1317,1.0,0.1112267582173866,0.1252,0.0,14.080983638071814
hcp,chcp,rel,174,67,0.1513,1.0,0.1112267582173866,0.1431,0.0,14.080983638071814
hcp,chcp,rel,174,85,0.1632,1.0,0.1112267582173866,0.1569,0.0,14.080983638071814
hcp,chcp,rel,174,108,0.1872,1.0,0.1112267582173866,0.1807,0.0,14.080983638071814
hcp,chcp,rel,174,137,0.2023,1.0,0.1112267582173866,0.1914,0.0,14.080983638071814
hcp,chcp,rel,174,174,0.2361,1.0,0.1112267582173866,0.225,0.0,14.080983638071814
hcp,chcp,rel,174,221,0.2709,1.0,0.1112267582173866,0.2657,0.0,14.080983638071814
hcp,chcp,rel,174,234,0.27,1.0,0.1112267582173866,0.2851,0.0,14.080983638071814
hcp,chcp,rel,221,20,0.0801,1.0,0.1112267582173866,0.0778,0.0,14.080983638071814
hcp,chcp,rel,221,25,0.0856,1.0,0.1112267582173866,0.0838,0.0,14.080983638071814
hcp,chcp,rel,221,32,0.1022,1.0,0.1112267582173866,0.0997,0.0,14.080983638071814
hcp,chcp,rel,221,41,0.1185,1.0,0.1112267582173866,0.1101,0.0,14.080983638071814
hcp,chcp,rel,221,52,0.1316,1.0,0.1112267582173866,0.1238,0.0,14.080983638071814
hcp,chcp,rel,221,67,0.1479,1.0,0.1112267582173866,0.1395,0.0,14.080983638071814
hcp,chcp,rel,221,85,0.1618,1.0,0.1112267582173866,0.1543,0.0,14.080983638071814
hcp,chcp,rel,221,108,0.1871,1.0,0.1112267582173866,0.1797,0.0,14.080983638071814
hcp,chcp,rel,221,137,0.2036,1.0,0.1112267582173866,0.1873,0.0,14.080983638071814
hcp,chcp,rel,221,174,0.2427,1.0,0.1112267582173866,0.2292,0.0,14.080983638071814
hcp,chcp,rel,221,221,0.2971,1.0,0.1112267582173866,0.2518,0.0,14.080983638071814
hcp,chcp,rel,221,234,0.33,1.0,0.1112267582173866,0.2549,0.0,14.080983638071814
hcp,chcp,rel,281,20,0.0778,1.0,0.1112267582173866,0.0757,0.0,14.080983638071814
hcp,chcp,rel,281,25,0.0852,1.0,0.1112267582173866,0.0871,0.0,14.080983638071814
hcp,chcp,rel,281,32,0.0997,1.0,0.1112267582173866,0.0964,0.0,14.080983638071814
hcp,chcp,rel,281,41,0.1146,1.0,0.1112267582173866,0.1045,0.0,14.080983638071814
hcp,chcp,rel,281,52,0.131,1.0,0.1112267582173866,0.1224,0.0,14.080983638071814
hcp,chcp,rel,281,67,0.1433,1.0,0.1112267582173866,0.1338,0.0,14.080983638071814
hcp,chcp,rel,281,85,0.1593,1.0,0.1112267582173866,0.1508,0.0,14.080983638071814
hcp,chcp,rel,281,108,0.1849,1.0,0.1112267582173866,0.1713,0.0,14.080983638071814
hcp,chcp,rel,281,137,0.1979,1.0,0.1112267582173866,0.1828,0.0,14.080983638071814
hcp,chcp,rel,281,174,0.2358,1.0,0.1112267582173866,0.2068,0.0,14.080983638071814
hcp,chcp,rel,281,221,0.2806,1.0,0.1112267582173866,0.2296,0.0,14.080983638071814
hcp,chcp,rel,281,234,0.29,1.0,0.1112267582173866,0.2237,0.0,14.080983638071814
hcp,chcp,rel,358,20,0.0844,1.0,0.1112267582173866,0.0865,0.0,14.080983638071814
hcp,chcp,rel,358,25,0.089,1.0,0.1112267582173866,0.0958,0.0,14.080983638071814
hcp,chcp,rel,358,32,0.1069,1.0,0.1112267582173866,0.1081,0.0,14.080983638071814
hcp,chcp,rel,358,41,0.1256,1.0,0.1112267582173866,0.1217,0.0,14.080983638071814
hcp,chcp,rel,358,52,0.145,1.0,0.1112267582173866,0.143,0.0,14.080983638071814
hcp,chcp,rel,358,67,0.1619,1.0,0.1112267582173866,0.1566,0.0,14.080983638071814
hcp,chcp,rel,358,85,0.1784,1.0,0.1112267582173866,0.1775,0.0,14.080983638071814
hcp,chcp,rel,358,108,0.2126,1.0,0.1112267582173866,0.2072,0.0,14.080983638071814
hcp,chcp,rel,358,137,0.2303,1.0,0.1112267582173866,0.2265,0.0,14.080983638071814
hcp,chcp,rel,358,174,0.2877,1.0,0.1112267582173866,0.2766,0.0,14.080983638071814
hcp,chcp,rel,358,221,0.3349,1.0,0.1112267582173866,0.3212,0.0,14.080983638071814
hcp,chcp,rel,358,234,0.35,1.0,0.1112267582173866,0.3399,0.0,14.080983638071814
hcp,chcp,rel,455,20,0.0814,1.0,0.1112267582173866,0.0853,0.0,14.080983638071814
hcp,chcp,rel,455,25,0.09,1.0,0.1112267582173866,0.0992,0.0,14.080983638071814
hcp,chcp,rel,455,32,0.1076,1.0,0.1112267582173866,0.1142,0.0,14.080983638071814
hcp,chcp,rel,455,41,0.1269,1.0,0.1112267582173866,0.1237,0.0,14.080983638071814
hcp,chcp,rel,455,52,0.141,1.0,0.1112267582173866,0.1417,0.0,14.080983638071814
hcp,chcp,rel,455,67,0.1572,1.0,0.1112267582173866,0.153,0.0,14.080983638071814
hcp,chcp,rel,455,85,0.1727,1.0,0.1112267582173866,0.1732,0.0,14.080983638071814
hcp,chcp,rel,455,108,0.2102,1.0,0.1112267582173866,0.2147,0.0,14.080983638071814
hcp,chcp,rel,455,137,0.2332,1.0,0.1112267582173866,0.2314,0.0,14.080983638071814
hcp,chcp,rel,455,174,0.2714,1.0,0.1112267582173866,0.286,0.0,14.080983638071814
hcp,chcp,rel,455,221,0.3282,1.0,0.1112267582173866,0.3453,0.0,14.080983638071814
hcp,chcp,rel,455,234,0.36,1.0,0.1112267582173866,0.3631,0.0,14.080983638071814
hcp,chcp,rel,578,20,0.0836,1.0,0.1112267582173866,0.084,0.0,14.080983638071814
hcp,chcp,rel,578,25,0.0925,1.0,0.1112267582173866,0.0961,0.0,14.080983638071814
hcp,chcp,rel,578,32,0.1129,1.0,0.1112267582173866,0.1133,0.0,14.080983638071814
hcp,chcp,rel,578,41,0.1437,1.0,0.1112267582173866,0.1271,0.0,14.080983638071814
hcp,chcp,rel,578,52,0.1563,1.0,0.1112267582173866,0.146,0.0,14.080983638071814
hcp,chcp,rel,578,67,0.175,1.0,0.1112267582173866,0.1564,0.0,14.080983638071814
hcp,chcp,rel,578,85,0.2013,1.0,0.1112267582173866,0.1826,0.0,14.080983638071814
hcp,chcp,rel,578,108,0.2471,1.0,0.1112267582173866,0.2247,0.0,14.080983638071814
hcp,chcp,rel,578,137,0.2718,1.0,0.1112267582173866,0.2382,0.0,14.080983638071814
hcp,chcp,rel,578,174,0.328,1.0,0.1112267582173866,0.2986,0.0,14.080983638071814
hcp,chcp,rel,578,221,0.427,1.0,0.1112267582173866,0.3653,0.0,14.080983638071814
hcp,chcp,rel,578,234,0.44,1.0,0.1112267582173866,0.3851,0.0,14.080983638071814
hcp,chcp,rel,735,20,0.0836,1.0,0.1112267582173866,0.0807,0.0,14.080983638071814
hcp,chcp,rel,735,25,0.091,1.0,0.1112267582173866,0.0997,0.0,14.080983638071814
hcp,chcp,rel,735,32,0.1151,1.0,0.1112267582173866,0.117,0.0,14.080983638071814
hcp,chcp,rel,735,41,0.1421,1.0,0.1112267582173866,0.1277,0.0,14.080983638071814
hcp,chcp,rel,735,52,0.1637,1.0,0.1112267582173866,0.1474,0.0,14.080983638071814
hcp,chcp,rel,735,67,0.1773,1.0,0.1112267582173866,0.1541,0.0,14.080983638071814
hcp,chcp,rel,735,85,0.2095,1.0,0.1112267582173866,0.187,0.0,14.080983638071814
hcp,chcp,rel,735,108,0.2598,1.0,0.1112267582173866,0.2338,0.0,14.080983638071814
hcp,chcp,rel,735,137,0.2889,1.0,0.1112267582173866,0.2437,0.0,14.080983638071814
hcp,chcp,rel,735,174,0.3521,1.0,0.1112267582173866,0.3024,0.0,14.080983638071814
hcp,chcp,rel,735,221,0.4615,1.0,0.1112267582173866,0.3686,0.0,14.080983638071814
hcp,chcp,rel,735,234,0.5,1.0,0.1112267582173866,0.3745,0.0,14.080983638071814
hcp,chcp,rel,839,20,0.0834,1.0,0.1112267582173866,0.0784,0.0,14.080983638071814
hcp,chcp,rel,839,25,0.0923,1.0,0.1112267582173866,0.1019,0.0,14.080983638071814
hcp,chcp,rel,839,32,0.1104,1.0,0.1112267582173866,0.1133,0.0,14.080983638071814
hcp,chcp,rel,839,41,0.1433,1.0,0.1112267582173866,0.1232,0.0,14.080983638071814
hcp,chcp,rel,839,52,0.1675,1.0,0.1112267582173866,0.1451,0.0,14.080983638071814
hcp,chcp,rel,839,67,0.1824,1.0,0.1112267582173866,0.1472,0.0,14.080983638071814
hcp,chcp,rel,839,85,0.2164,1.0,0.1112267582173866,0.1778,0.0,14.080983638071814
hcp,chcp,rel,839,108,0.273,1.0,0.1112267582173866,0.2324,0.0,14.080983638071814
hcp,chcp,rel,839,137,0.3044,1.0,0.1112267582173866,0.233,0.0,14.080983638071814
hcp,chcp,rel,839,174,0.3776,1.0,0.1112267582173866,0.2948,0.0,14.080983638071814
hcp,chcp,rel,839,221,0.5068,1.0,0.1112267582173866,0.3686,0.0,14.080983638071814
hcp,chcp,rel,839,234,0.57,1.0,0.1112267582173866,0.382,0.0,14.080983638071814
chcp,hcp,rel,20,20,0.0849,1.0,0.098779453560832,0.0823,1.0,15.253181989189605
chcp,hcp,rel,20,25,0.0977,1.0,0.098779453560832,0.091,1.0,15.253181989189605
chcp,hcp,rel,20,32,0.1222,1.0,0.098779453560832,0.1099,1.0,15.253181989189605
chcp,hcp,rel,20,41,0.117,1.0,0.098779453560832,0.107,1.0,15.253181989189605
chcp,hcp,rel,20,52,0.1374,1.0,0.098779453560832,0.1238,1.0,15.253181989189605
chcp,hcp,rel,20,67,0.1657,1.0,0.098779453560832,0.1483,1.0,15.253181989189605
chcp,hcp,rel,20,85,0.1755,1.0,0.098779453560832,0.1649,1.0,15.253181989189605
chcp,hcp,rel,20,108,0.2026,1.0,0.098779453560832,0.1877,1.0,15.253181989189605
chcp,hcp,rel,20,137,0.2257,1.0,0.098779453560832,0.2122,1.0,15.253181989189605
chcp,hcp,rel,20,174,0.2678,1.0,0.098779453560832,0.2488,1.0,15.253181989189605
chcp,hcp,rel,20,221,0.3063,1.0,0.098779453560832,0.2856,1.0,15.253181989189605
chcp,hcp,rel,20,281,0.343,1.0,0.098779453560832,0.3239,1.0,15.253181989189605
chcp,hcp,rel,20,358,0.3956,1.0,0.098779453560832,0.3704,1.0,15.253181989189605
chcp,hcp,rel,20,455,0.4317,1.0,0.098779453560832,0.4103,1.0,15.253181989189605
chcp,hcp,rel,20,578,0.47,1.0,0.098779453560832,0.4505,1.0,15.253181989189605
chcp,hcp,rel,20,735,0.5123,1.0,0.098779453560832,0.4865,1.0,15.253181989189605
chcp,hcp,rel,20,935,0.5469,1.0,0.098779453560832,0.5104,1.0,15.253181989189605
chcp,hcp,rel,20,1039,0.56,1.0,0.098779453560832,0.5157,1.0,15.253181989189605
chcp,hcp,rel,25,20,0.0857,1.0,0.098779453560832,0.0957,1.0,15.253181989189605
chcp,hcp,rel,25,25,0.1005,1.0,0.098779453560832,0.1023,1.0,15.253181989189605
chcp,hcp,rel,25,32,0.1254,1.0,0.098779453560832,0.1213,1.0,15.253181989189605
chcp,hcp,rel,25,41,0.1227,1.0,0.098779453560832,0.1151,1.0,15.253181989189605
chcp,hcp,rel,25,52,0.146,1.0,0.098779453560832,0.1389,1.0,15.253181989189605
chcp,hcp,rel,25,67,0.1795,1.0,0.098779453560832,0.1695,1.0,15.253181989189605
chcp,hcp,rel,25,85,0.1886,1.0,0.098779453560832,0.185,1.0,15.253181989189605
chcp,hcp,rel,25,108,0.217,1.0,0.098779453560832,0.2165,1.0,15.253181989189605
chcp,hcp,rel,25,137,0.24,1.0,0.098779453560832,0.2458,1.0,15.253181989189605
chcp,hcp,rel,25,174,0.2885,1.0,0.098779453560832,0.289,1.0,15.253181989189605
chcp,hcp,rel,25,221,0.3182,1.0,0.098779453560832,0.3228,1.0,15.253181989189605
chcp,hcp,rel,25,281,0.3595,1.0,0.098779453560832,0.3634,1.0,15.253181989189605
chcp,hcp,rel,25,358,0.4157,1.0,0.098779453560832,0.4151,1.0,15.253181989189605
chcp,hcp,rel,25,455,0.4471,1.0,0.098779453560832,0.4539,1.0,15.253181989189605
chcp,hcp,rel,25,578,0.4784,1.0,0.098779453560832,0.4897,1.0,15.253181989189605
chcp,hcp,rel,25,735,0.5046,1.0,0.098779453560832,0.5168,1.0,15.253181989189605
chcp,hcp,rel,25,935,0.5257,1.0,0.098779453560832,0.5459,1.0,15.253181989189605
chcp,hcp,rel,25,1039,0.55,1.0,0.098779453560832,0.5625,1.0,15.253181989189605
chcp,hcp,rel,32,20,0.0921,1.0,0.098779453560832,0.1014,1.0,15.253181989189605
chcp,hcp,rel,32,25,0.1069,1.0,0.098779453560832,0.1135,1.0,15.253181989189605
chcp,hcp,rel,32,32,0.1375,1.0,0.098779453560832,0.1321,1.0,15.253181989189605
chcp,hcp,rel,32,41,0.1337,1.0,0.098779453560832,0.1323,1.0,15.253181989189605
chcp,hcp,rel,32,52,0.159,1.0,0.098779453560832,0.1562,1.0,15.253181989189605
chcp,hcp,rel,32,67,0.2005,1.0,0.098779453560832,0.1904,1.0,15.253181989189605
chcp,hcp,rel,32,85,0.2085,1.0,0.098779453560832,0.2,1.0,15.253181989189605
chcp,hcp,rel,32,108,0.2448,1.0,0.098779453560832,0.2404,1.0,15.253181989189605
chcp,hcp,rel,32,137,0.2717,1.0,0.098779453560832,0.2734,1.0,15.253181989189605
chcp,hcp,rel,32,174,0.3259,1.0,0.098779453560832,0.3196,1.0,15.253181989189605
chcp,hcp,rel,32,221,0.365,1.0,0.098779453560832,0.36,1.0,15.253181989189605
chcp,hcp,rel,32,281,0.4136,1.0,0.098779453560832,0.4021,1.0,15.253181989189605
chcp,hcp,rel,32,358,0.4744,1.0,0.098779453560832,0.4613,1.0,15.253181989189605
chcp,hcp,rel,32,455,0.5153,1.0,0.098779453560832,0.5033,1.0,15.253181989189605
chcp,hcp,rel,32,578,0.5549,1.0,0.098779453560832,0.5433,1.0,15.253181989189605
chcp,hcp,rel,32,735,0.5924,1.0,0.098779453560832,0.5882,1.0,15.253181989189605
chcp,hcp,rel,32,935,0.6133,1.0,0.098779453560832,0.6159,1.0,15.253181989189605
chcp,hcp,rel,32,1039,0.63,1.0,0.098779453560832,0.6316,1.0,15.253181989189605
chcp,hcp,rel,41,20,0.0954,1.0,0.098779453560832,0.0998,1.0,15.253181989189605
chcp,hcp,rel,41,25,0.1084,1.0,0.098779453560832,0.1113,1.0,15.253181989189605
chcp,hcp,rel,41,32,0.1401,1.0,0.098779453560832,0.1348,1.0,15.253181989189605
chcp,hcp,rel,41,41,0.1399,1.0,0.098779453560832,0.134,1.0,15.253181989189605
chcp,hcp,rel,41,52,0.171,1.0,0.098779453560832,0.1583,1.0,15.253181989189605
chcp,hcp,rel,41,67,0.2078,1.0,0.098779453560832,0.1994,1.0,15.253181989189605
chcp,hcp,rel,41,85,0.2206,1.0,0.098779453560832,0.2119,1.0,15.253181989189605
chcp,hcp,rel,41,108,0.2527,1.0,0.098779453560832,0.2483,1.0,15.253181989189605
chcp,hcp,rel,41,137,0.2911,1.0,0.098779453560832,0.2889,1.0,15.253181989189605
chcp,hcp,rel,41,174,0.3456,1.0,0.098779453560832,0.339,1.0,15.253181989189605
chcp,hcp,rel,41,221,0.3837,1.0,0.098779453560832,0.3797,1.0,15.253181989189605
chcp,hcp,rel,41,281,0.4408,1.0,0.098779453560832,0.4282,1.0,15.253181989189605
chcp,hcp,rel,41,358,0.4994,1.0,0.098779453560832,0.4935,1.0,15.253181989189605
chcp,hcp,rel,41,455,0.5407,1.0,0.098779453560832,0.5359,1.0,15.253181989189605
chcp,hcp,rel,41,578,0.5842,1.0,0.098779453560832,0.5803,1.0,15.253181989189605
chcp,hcp,rel,41,735,0.6204,1.0,0.098779453560832,0.6204,1.0,15.253181989189605
chcp,hcp,rel,41,935,0.637,1.0,0.098779453560832,0.642,1.0,15.253181989189605
chcp,hcp,rel,41,1039,0.65,1.0,0.098779453560832,0.6563,1.0,15.253181989189605
chcp,hcp,rel,52,20,0.1058,1.0,0.098779453560832,0.1079,1.0,15.253181989189605
chcp,hcp,rel,52,25,0.1209,1.0,0.098779453560832,0.1184,1.0,15.253181989189605
chcp,hcp,rel,52,32,0.1483,1.0,0.098779453560832,0.1446,1.0,15.253181989189605
chcp,hcp,rel,52,41,0.1428,1.0,0.098779453560832,0.1399,1.0,15.253181989189605
chcp,hcp,rel,52,52,0.1763,1.0,0.098779453560832,0.1684,1.0,15.253181989189605
chcp,hcp,rel,52,67,0.2112,1.0,0.098779453560832,0.2065,1.0,15.253181989189605
chcp,hcp,rel,52,85,0.2269,1.0,0.098779453560832,0.2204,1.0,15.253181989189605
chcp,hcp,rel,52,108,0.2605,1.0,0.098779453560832,0.2576,1.0,15.253181989189605
chcp,hcp,rel,52,137,0.2967,1.0,0.098779453560832,0.2987,1.0,15.253181989189605
chcp,hcp,rel,52,174,0.3515,1.0,0.098779453560832,0.3535,1.0,15.253181989189605
chcp,hcp,rel,52,221,0.3937,1.0,0.098779453560832,0.3991,1.0,15.253181989189605
chcp,hcp,rel,52,281,0.4456,1.0,0.098779453560832,0.4538,1.0,15.253181989189605
chcp,hcp,rel,52,358,0.5027,1.0,0.098779453560832,0.5183,1.0,15.253181989189605
chcp,hcp,rel,52,455,0.541,1.0,0.098779453560832,0.5569,1.0,15.253181989189605
chcp,hcp,rel,52,578,0.5855,1.0,0.098779453560832,0.6084,1.0,15.253181989189605
chcp,hcp,rel,52,735,0.6244,1.0,0.098779453560832,0.654,1.0,15.253181989189605
chcp,hcp,rel,52,935,0.6467,1.0,0.098779453560832,0.6864,1.0,15.253181989189605
chcp,hcp,rel,52,1039,0.66,1.0,0.098779453560832,0.6945,1.0,15.253181989189605
chcp,hcp,rel,67,20,0.1076,1.0,0.098779453560832,0.1137,1.0,15.253181989189605
chcp,hcp,rel,67,25,0.1209,1.0,0.098779453560832,0.1253,1.0,15.253181989189605
chcp,hcp,rel,67,32,0.1546,1.0,0.098779453560832,0.1443,1.0,15.253181989189605
chcp,hcp,rel,67,41,0.1494,1.0,0.098779453560832,0.1462,1.0,15.253181989189605
chcp,hcp,rel,67,52,0.1842,1.0,0.098779453560832,0.1659,1.0,15.253181989189605
chcp,hcp,rel,67,67,0.2243,1.0,0.098779453560832,0.21,1.0,15.253181989189605
chcp,hcp,rel,67,85,0.2358,1.0,0.098779453560832,0.2258,1.0,15.253181989189605
chcp,hcp,rel,67,108,0.2701,1.0,0.098779453560832,0.2653,1.0,15.253181989189605
chcp,hcp,rel,67,137,0.3088,1.0,0.098779453560832,0.3094,1.0,15.253181989189605
chcp,hcp,rel,67,174,0.359,1.0,0.098779453560832,0.3605,1.0,15.253181989189605
chcp,hcp,rel,67,221,0.4041,1.0,0.098779453560832,0.4076,1.0,15.253181989189605
chcp,hcp,rel,67,281,0.4494,1.0,0.098779453560832,0.4611,1.0,15.253181989189605
chcp,hcp,rel,67,358,0.5214,1.0,0.098779453560832,0.5342,1.0,15.253181989189605
chcp,hcp,rel,67,455,0.5623,1.0,0.098779453560832,0.5736,1.0,15.253181989189605
chcp,hcp,rel,67,578,0.6117,1.0,0.098779453560832,0.6326,1.0,15.253181989189605
chcp,hcp,rel,67,735,0.6606,1.0,0.098779453560832,0.691,1.0,15.253181989189605
chcp,hcp,rel,67,935,0.6911,1.0,0.098779453560832,0.7388,1.0,15.253181989189605
chcp,hcp,rel,67,1039,0.72,1.0,0.098779453560832,0.756,1.0,15.253181989189605
chcp,hcp,rel,85,20,0.1168,1.0,0.098779453560832,0.1186,1.0,15.253181989189605
chcp,hcp,rel,85,25,0.1294,1.0,0.098779453560832,0.1257,1.0,15.253181989189605
chcp,hcp,rel,85,32,0.1636,1.0,0.098779453560832,0.1584,1.0,15.253181989189605
chcp,hcp,rel,85,41,0.1553,1.0,0.098779453560832,0.1511,1.0,15.253181989189605
chcp,hcp,rel,85,52,0.1967,1.0,0.098779453560832,0.183,1.0,15.253181989189605
chcp,hcp,rel,85,67,0.2306,1.0,0.098779453560832,0.2195,1.0,15.253181989189605
chcp,hcp,rel,85,85,0.2481,1.0,0.098779453560832,0.2373,1.0,15.253181989189605
chcp,hcp,rel,85,108,0.2876,1.0,0.098779453560832,0.2819,1.0,15.253181989189605
chcp,hcp,rel,85,137,0.3163,1.0,0.098779453560832,0.3235,1.0,15.253181989189605
chcp,hcp,rel,85,174,0.3745,1.0,0.098779453560832,0.3788,1.0,15.253181989189605
chcp,hcp,rel,85,221,0.4189,1.0,0.098779453560832,0.4343,1.0,15.253181989189605
chcp,hcp,rel,85,281,0.4709,1.0,0.098779453560832,0.4962,1.0,15.253181989189605
chcp,hcp,rel,85,358,0.5442,1.0,0.098779453560832,0.5771,1.0,15.253181989189605
chcp,hcp,rel,85,455,0.5883,1.0,0.098779453560832,0.6226,1.0,15.253181989189605
chcp,hcp,rel,85,578,0.648,1.0,0.098779453560832,0.6969,1.0,15.253181989189605
chcp,hcp,rel,85,735,0.7108,1.0,0.098779453560832,0.7615,1.0,15.253181989189605
chcp,hcp,rel,85,935,0.7589,1.0,0.098779453560832,0.8291,1.0,15.253181989189605
chcp,hcp,rel,85,1039,0.8,1.0,0.098779453560832,0.8737,1.0,15.253181989189605
chcp,hcp,rel,108,20,0.1205,1.0,0.098779453560832,0.1236,1.0,15.253181989189605
chcp,hcp,rel,108,25,0.1292,1.0,0.098779453560832,0.1325,1.0,15.253181989189605
chcp,hcp,rel,108,32,0.1665,1.0,0.098779453560832,0.1629,1.0,15.253181989189605
chcp,hcp,rel,108,41,0.1583,1.0,0.098779453560832,0.1563,1.0,15.253181989189605
chcp,hcp,rel,108,52,0.195,1.0,0.098779453560832,0.1863,1.0,15.253181989189605
chcp,hcp,rel,108,67,0.2361,1.0,0.098779453560832,0.2286,1.0,15.253181989189605
chcp,hcp,rel,108,85,0.2477,1.0,0.098779453560832,0.2414,1.0,15.253181989189605
chcp,hcp,rel,108,108,0.2852,1.0,0.098779453560832,0.2868,1.0,15.253181989189605
chcp,hcp,rel,108,137,0.3261,1.0,0.098779453560832,0.3323,1.0,15.253181989189605
chcp,hcp,rel,108,174,0.3867,1.0,0.098779453560832,0.3867,1.0,15.253181989189605
chcp,hcp,rel,108,221,0.4338,1.0,0.098779453560832,0.448,1.0,15.253181989189605
chcp,hcp,rel,108,281,0.4909,1.0,0.098779453560832,0.5149,1.0,15.253181989189605
chcp,hcp,rel,108,358,0.5791,1.0,0.098779453560832,0.6058,1.0,15.253181989189605
chcp,hcp,rel,108,455,0.6264,1.0,0.098779453560832,0.652,1.0,15.253181989189605
chcp,hcp,rel,108,578,0.6926,1.0,0.098779453560832,0.7327,1.0,15.253181989189605
chcp,hcp,rel,108,735,0.7602,1.0,0.098779453560832,0.8008,1.0,15.253181989189605
chcp,hcp,rel,108,935,0.8067,1.0,0.098779453560832,0.8367,1.0,15.253181989189605
chcp,hcp,rel,108,1039,0.83,1.0,0.098779453560832,0.8495,1.0,15.253181989189605
chcp,hcp,rel,137,20,0.1267,1.0,0.098779453560832,0.1265,1.0,15.253181989189605
chcp,hcp,rel,137,25,0.1334,1.0,0.098779453560832,0.1328,1.0,15.253181989189605
chcp,hcp,rel,137,32,0.1716,1.0,0.098779453560832,0.16,1.0,15.253181989189605
chcp,hcp,rel,137,41,0.1573,1.0,0.098779453560832,0.1505,1.0,15.253181989189605
chcp,hcp,rel,137,52,0.1925,1.0,0.098779453560832,0.1759,1.0,15.253181989189605
chcp,hcp,rel,137,67,0.2316,1.0,0.098779453560832,0.2187,1.0,15.253181989189605
chcp,hcp,rel,137,85,0.2428,1.0,0.098779453560832,0.2316,1.0,15.253181989189605
chcp,hcp,rel,137,108,0.2816,1.0,0.098779453560832,0.2748,1.0,15.253181989189605
chcp,hcp,rel,137,137,0.3234,1.0,0.098779453560832,0.3245,1.0,15.253181989189605
chcp,hcp,rel,137,174,0.3815,1.0,0.098779453560832,0.379,1.0,15.253181989189605
chcp,hcp,rel,137,221,0.4322,1.0,0.098779453560832,0.4374,1.0,15.253181989189605
chcp,hcp,rel,137,281,0.4889,1.0,0.098779453560832,0.5029,1.0,15.253181989189605
chcp,hcp,rel,137,358,0.5799,1.0,0.098779453560832,0.5929,1.0,15.253181989189605
chcp,hcp,rel,137,455,0.6266,1.0,0.098779453560832,0.6448,1.0,15.253181989189605
chcp,hcp,rel,137,578,0.7005,1.0,0.098779453560832,0.7298,1.0,15.253181989189605
chcp,hcp,rel,137,735,0.7696,1.0,0.098779453560832,0.7998,1.0,15.253181989189605
chcp,hcp,rel,137,935,0.809,1.0,0.098779453560832,0.8506,1.0,15.253181989189605
chcp,hcp,rel,137,1039,0.82,1.0,0.098779453560832,0.8648,1.0,15.253181989189605
chcp,hcp,rel,159,20,0.1306,1.0,0.098779453560832,0.1268,1.0,15.253181989189605
chcp,hcp,rel,159,25,0.1368,1.0,0.098779453560832,0.1316,1.0,15.253181989189605
chcp,hcp,rel,159,32,0.1714,1.0,0.098779453560832,0.159,1.0,15.253181989189605
chcp,hcp,rel,159,41,0.1594,1.0,0.098779453560832,0.1481,1.0,15.253181989189605
chcp,hcp,rel,159,52,0.1969,1.0,0.098779453560832,0.1765,1.0,15.253181989189605
chcp,hcp,rel,159,67,0.2359,1.0,0.098779453560832,0.2224,1.0,15.253181989189605
chcp,hcp,rel,159,85,0.2501,1.0,0.098779453560832,0.2288,1.0,15.253181989189605
chcp,hcp,rel,159,108,0.2869,1.0,0.098779453560832,0.2737,1.0,15.253181989189605
chcp,hcp,rel,159,137,0.3249,1.0,0.098779453560832,0.3222,1.0,15.253181989189605
chcp,hcp,rel,159,174,0.3891,1.0,0.098779453560832,0.3858,1.0,15.253181989189605
chcp,hcp,rel,159,221,0.4396,1.0,0.098779453560832,0.4446,1.0,15.253181989189605
chcp,hcp,rel,159,281,0.5029,1.0,0.098779453560832,0.5088,1.0,15.253181989189605
chcp,hcp,rel,159,358,0.5897,1.0,0.098779453560832,0.6076,1.0,15.253181989189605
chcp,hcp,rel,159,455,0.6449,1.0,0.098779453560832,0.6562,1.0,15.253181989189605
chcp,hcp,rel,159,578,0.7102,1.0,0.098779453560832,0.7367,1.0,15.253181989189605
chcp,hcp,rel,159,735,0.7699,1.0,0.098779453560832,0.7947,1.0,15.253181989189605
chcp,hcp,rel,159,935,0.807,1.0,0.098779453560832,0.8341,1.0,15.253181989189605
chcp,hcp,rel,159,1039,0.82,1.0,0.098779453560832,0.854,1.0,15.253181989189605
hcp,chcp,shape,20,20,0.0818,0.0,-0.0383791841001436,0.0558,0.0,4.289613965331729
hcp,chcp,shape,20,25,0.0971,0.0,-0.0383791841001436,0.0572,0.0,4.289613965331729
hcp,chcp,shape,20,32,0.1068,0.0,-0.0383791841001436,0.0577,0.0,4.289613965331729
hcp,chcp,shape,20,41,0.1101,0.0,-0.0383791841001436,0.0525,0.0,4.289613965331729
hcp,chcp,shape,20,52,0.1291,0.0,-0.0383791841001436,0.0558,0.0,4.289613965331729
hcp,chcp,shape,20,67,0.1589,0.0,-0.0383791841001436,0.0629,0.0,4.289613965331729
hcp,chcp,shape,20,85,0.176,0.0,-0.0383791841001436,0.0562,0.0,4.289613965331729
hcp,chcp,shape,20,108,0.2093,0.0,-0.0383791841001436,0.056,0.0,4.289613965331729
hcp,chcp,shape,20,137,0.2282,0.0,-0.0383791841001436,0.0552,0.0,4.289613965331729
hcp,chcp,shape,20,174,0.2623,0.0,-0.0383791841001436,0.0533,0.0,4.289613965331729
hcp,chcp,shape,20,221,0.3046,0.0,-0.0383791841001436,0.043,0.0,4.289613965331729
hcp,chcp,shape,20,265,0.34,0.0,-0.0383791841001436,0.0411,0.0,4.289613965331729
hcp,chcp,shape,25,20,0.077,0.0,-0.0383791841001436,0.0545,0.0,4.289613965331729
hcp,chcp,shape,25,25,0.0879,0.0,-0.0383791841001436,0.0588,0.0,4.289613965331729
hcp,chcp,shape,25,32,0.0943,0.0,-0.0383791841001436,0.0567,0.0,4.289613965331729
hcp,chcp,shape,25,41,0.0929,0.0,-0.0383791841001436,0.054,0.0,4.289613965331729
hcp,chcp,shape,25,52,0.1059,0.0,-0.0383791841001436,0.0584,0.0,4.289613965331729
hcp,chcp,shape,25,67,0.1304,0.0,-0.0383791841001436,0.0632,0.0,4.289613965331729
hcp,chcp,shape,25,85,0.1427,0.0,-0.0383791841001436,0.0559,0.0,4.289613965331729
hcp,chcp,shape,25,108,0.1696,0.0,-0.0383791841001436,0.0588,0.0,4.289613965331729
hcp,chcp,shape,25,137,0.1829,0.0,-0.0383791841001436,0.0599,0.0,4.289613965331729
hcp,chcp,shape,25,174,0.2088,0.0,-0.0383791841001436,0.0572,0.0,4.289613965331729
hcp,chcp,shape,25,221,0.2409,0.0,-0.0383791841001436,0.0484,0.0,4.289613965331729
hcp,chcp,shape,25,265,0.24,0.0,-0.0383791841001436,0.049,0.0,4.289613965331729
hcp,chcp,shape,32,20,0.0715,0.0,-0.0383791841001436,0.0502,0.0,4.289613965331729
hcp,chcp,shape,32,25,0.0779,0.0,-0.0383791841001436,0.05,0.0,4.289613965331729
hcp,chcp,shape,32,32,0.0867,0.0,-0.0383791841001436,0.0544,0.0,4.289613965331729
hcp,chcp,shape,32,41,0.0864,0.0,-0.0383791841001436,0.0516,0.0,4.289613965331729
hcp,chcp,shape,32,52,0.0948,0.0,-0.0383791841001436,0.0505,0.0,4.289613965331729
hcp,chcp,shape,32,67,0.1083,0.0,-0.0383791841001436,0.0565,0.0,4.289613965331729
hcp,chcp,shape,32,85,0.1214,0.0,-0.0383791841001436,0.0453,0.0,4.289613965331729
hcp,chcp,shape,32,108,0.1456,0.0,-0.0383791841001436,0.0473,0.0,4.289613965331729
hcp,chcp,shape,32,137,0.1534,0.0,-0.0383791841001436,0.0447,0.0,4.289613965331729
hcp,chcp,shape,32,174,0.1757,0.0,-0.0383791841001436,0.0406,0.0,4.289613965331729
hcp,chcp,shape,32,221,0.2051,0.0,-0.0383791841001436,0.0289,0.0,4.289613965331729
hcp,chcp,shape,32,265,0.24,0.0,-0.0383791841001436,0.0236,0.0,4.289613965331729
hcp,chcp,shape,41,20,0.0772,0.0,-0.0383791841001436,0.0525,0.0,4.289613965331729
hcp,chcp,shape,41,25,0.083,0.0,-0.0383791841001436,0.0519,0.0,4.289613965331729
hcp,chcp,shape,41,32,0.0929,0.0,-0.0383791841001436,0.0529,0.0,4.289613965331729
hcp,chcp,shape,41,41,0.0914,0.0,-0.0383791841001436,0.0509,0.0,4.289613965331729
hcp,chcp,shape,41,52,0.1034,0.0,-0.0383791841001436,0.0544,0.0,4.289613965331729
hcp,chcp,shape,41,67,0.12,0.0,-0.0383791841001436,0.0562,0.0,4.289613965331729
hcp,chcp,shape,41,85,0.1328,0.0,-0.0383791841001436,0.0495,0.0,4.289613965331729
hcp,chcp,shape,41,108,0.1614,0.0,-0.0383791841001436,0.0521,0.0,4.289613965331729
hcp,chcp,shape,41,137,0.1743,0.0,-0.0383791841001436,0.0502,0.0,4.289613965331729
hcp,chcp,shape,41,174,0.1967,0.0,-0.0383791841001436,0.0486,0.0,4.289613965331729
hcp,chcp,shape,41,221,0.2256,0.0,-0.0383791841001436,0.0395,0.0,4.289613965331729
hcp,chcp,shape,41,265,0.24,0.0,-0.0383791841001436,0.0441,0.0,4.289613965331729
hcp,chcp,shape,52,20,0.0723,0.0,-0.0383791841001436,0.0535,0.0,4.289613965331729
hcp,chcp,shape,52,25,0.0756,0.0,-0.0383791841001436,0.0549,0.0,4.289613965331729
hcp,chcp,shape,52,32,0.0803,0.0,-0.0383791841001436,0.0569,0.0,4.289613965331729
hcp,chcp,shape,52,41,0.0739,0.0,-0.0383791841001436,0.053,0.0,4.289613965331729
hcp,chcp,shape,52,52,0.0788,0.0,-0.0383791841001436,0.054,0.0,4.289613965331729
hcp,chcp,shape,52,67,0.0927,0.0,-0.0383791841001436,0.0612,0.0,4.289613965331729
hcp,chcp,shape,52,85,0.1024,0.0,-0.0383791841001436,0.056,0.0,4.289613965331729
hcp,chcp,shape,52,108,0.1223,0.0,-0.0383791841001436,0.0568,0.0,4.289613965331729
hcp,chcp,shape,52,137,0.1319,0.0,-0.0383791841001436,0.0569,0.0,4.289613965331729
hcp,chcp,shape,52,174,0.1548,0.0,-0.0383791841001436,0.0564,0.0,4.289613965331729
hcp,chcp,shape,52,221,0.1909,0.0,-0.0383791841001436,0.0467,0.0,4.289613965331729
hcp,chcp,shape,52,265,0.24,0.0,-0.0383791841001436,0.0443,0.0,4.289613965331729
hcp,chcp,shape,67,20,0.0687,0.0,-0.0383791841001436,0.0485,0.0,4.289613965331729
hcp,chcp,shape,67,25,0.0729,0.0,-0.0383791841001436,0.0536,0.0,4.289613965331729
hcp,chcp,shape,67,32,0.0779,0.0,-0.0383791841001436,0.0513,0.0,4.289613965331729
hcp,chcp,shape,67,41,0.0758,0.0,-0.0383791841001436,0.0474,0.0,4.289613965331729
hcp,chcp,shape,67,52,0.0842,0.0,-0.0383791841001436,0.0499,0.0,4.289613965331729
hcp,chcp,shape,67,67,0.0991,0.0,-0.0383791841001436,0.0542,0.0,4.289613965331729
hcp,chcp,shape,67,85,0.1136,0.0,-0.0383791841001436,0.0513,0.0,4.289613965331729
hcp,chcp,shape,67,108,0.1286,0.0,-0.0383791841001436,0.0497,0.0,4.289613965331729
hcp,chcp,shape,67,137,0.1397,0.0,-0.0383791841001436,0.0492,0.0,4.289613965331729
hcp,chcp,shape,67,174,0.161,0.0,-0.0383791841001436,0.0463,0.0,4.289613965331729
hcp,chcp,shape,67,221,0.1938,0.0,-0.0383791841001436,0.0345,0.0,4.289613965331729
hcp,chcp,shape,67,265,0.24,0.0,-0.0383791841001436,0.0346,0.0,4.289613965331729
hcp,chcp,shape,85,20,0.0726,0.0,-0.0383791841001436,0.0509,0.0,4.289613965331729
hcp,chcp,shape,85,25,0.0743,0.0,-0.0383791841001436,0.0506,0.0,4.289613965331729
hcp,chcp,shape,85,32,0.0765,0.0,-0.0383791841001436,0.0545,0.0,4.289613965331729
hcp,chcp,shape,85,41,0.076,0.0,-0.0383791841001436,0.0501,0.0,4.289613965331729
hcp,chcp,shape,85,52,0.0841,0.0,-0.0383791841001436,0.0493,0.0,4.289613965331729
hcp,chcp,shape,85,67,0.0994,0.0,-0.0383791841001436,0.054,0.0,4.289613965331729
hcp,chcp,shape,85,85,0.1113,0.0,-0.0383791841001436,0.049,0.0,4.289613965331729
hcp,chcp,shape,85,108,0.1294,0.0,-0.0383791841001436,0.0465,0.0,4.289613965331729
hcp,chcp,shape,85,137,0.1443,0.0,-0.0383791841001436,0.0487,0.0,4.289613965331729
hcp,chcp,shape,85,174,0.1725,0.0,-0.0383791841001436,0.0495,0.0,4.289613965331729
hcp,chcp,shape,85,221,0.2218,0.0,-0.0383791841001436,0.0346,0.0,4.289613965331729
hcp,chcp,shape,85,265,0.26,0.0,-0.0383791841001436,0.0248,0.0,4.289613965331729
hcp,chcp,shape,108,20,0.0671,0.0,-0.0383791841001436,0.0559,0.0,4.289613965331729
hcp,chcp,shape,108,25,0.066,0.0,-0.0383791841001436,0.0536,0.0,4.289613965331729
hcp,chcp,shape,108,32,0.0693,0.0,-0.0383791841001436,0.0563,0.0,4.289613965331729
hcp,chcp,shape,108,41,0.0671,0.0,-0.0383791841001436,0.0528,0.0,4.289613965331729
hcp,chcp,shape,108,52,0.0723,0.0,-0.0383791841001436,0.0568,0.0,4.289613965331729
hcp,chcp,shape,108,67,0.0839,0.0,-0.0383791841001436,0.0627,0.0,4.289613965331729
hcp,chcp,shape,108,85,0.092,0.0,-0.0383791841001436,0.059,0.0,4.289613965331729
hcp,chcp,shape,108,108,0.1045,0.0,-0.0383791841001436,0.0617,0.0,4.289613965331729
hcp,chcp,shape,108,137,0.1132,0.0,-0.0383791841001436,0.0676,0.0,4.289613965331729
hcp,chcp,shape,108,174,0.1283,0.0,-0.0383791841001436,0.0717,0.0,4.289613965331729
hcp,chcp,shape,108,221,0.1496,0.0,-0.0383791841001436,0.0659,0.0,4.289613965331729
hcp,chcp,shape,108,265,0.17,0.0,-0.0383791841001436,0.0636,0.0,4.289613965331729
hcp,chcp,shape,137,20,0.0616,0.0,-0.0383791841001436,0.0548,0.0,4.289613965331729
hcp,chcp,shape,137,25,0.06,0.0,-0.0383791841001436,0.0514,0.0,4.289613965331729
hcp,chcp,shape,137,32,0.0611,0.0,-0.0383791841001436,0.0536,0.0,4.289613965331729
hcp,chcp,shape,137,41,0.0556,0.0,-0.0383791841001436,0.0467,0.0,4.289613965331729
hcp,chcp,shape,137,52,0.0597,0.0,-0.0383791841001436,0.0469,0.0,4.289613965331729
hcp,chcp,shape,137,67,0.0655,0.0,-0.0383791841001436,0.0512,0.0,4.289613965331729
hcp,chcp,shape,137,85,0.0738,0.0,-0.0383791841001436,0.0468,0.0,4.289613965331729
hcp,chcp,shape,137,108,0.0803,0.0,-0.0383791841001436,0.0465,0.0,4.289613965331729
hcp,chcp,shape,137,137,0.0841,0.0,-0.0383791841001436,0.0456,0.0,4.289613965331729
hcp,chcp,shape,137,174,0.0927,0.0,-0.0383791841001436,0.0461,0.0,4.289613965331729
hcp,chcp,shape,137,221,0.1073,0.0,-0.0383791841001436,0.0376,0.0,4.289613965331729
hcp,chcp,shape,137,265,0.11,0.0,-0.0383791841001436,0.0338,0.0,4.289613965331729
hcp,chcp,shape,174,20,0.057,0.0,-0.0383791841001436,0.047,0.0,4.289613965331729
hcp,chcp,shape,174,25,0.0546,0.0,-0.0383791841001436,0.0451,0.0,4.289613965331729
hcp,chcp,shape,174,32,0.0535,0.0,-0.0383791841001436,0.0458,0.0,4.289613965331729
hcp,chcp,shape,174,41,0.0494,0.0,-0.0383791841001436,0.0453,0.0,4.289613965331729
hcp,chcp,shape,174,52,0.0532,0.0,-0.0383791841001436,0.0449,0.0,4.289613965331729
hcp,chcp,shape,174,67,0.0606,0.0,-0.0383791841001436,0.0489,0.0,4.289613965331729
hcp,chcp,shape,174,85,0.0681,0.0,-0.0383791841001436,0.0435,0.0,4.289613965331729
hcp,chcp,shape,174,108,0.0757,0.0,-0.0383791841001436,0.0443,0.0,4.289613965331729
hcp,chcp,shape,174,137,0.0775,0.0,-0.0383791841001436,0.0449,0.0,4.289613965331729
hcp,chcp,shape,174,174,0.0839,0.0,-0.0383791841001436,0.0431,0.0,4.289613965331729
hcp,chcp,shape,174,221,0.104,0.0,-0.0383791841001436,0.0347,0.0,4.289613965331729
hcp,chcp,shape,174,265,0.12,0.0,-0.0383791841001436,0.0376,0.0,4.289613965331729
hcp,chcp,shape,221,20,0.0548,0.0,-0.0383791841001436,0.0503,0.0,4.289613965331729
hcp,chcp,shape,221,25,0.0495,0.0,-0.0383791841001436,0.0451,0.0,4.289613965331729
hcp,chcp,shape,221,32,0.0503,0.0,-0.0383791841001436,0.047,0.0,4.289613965331729
hcp,chcp,shape,221,41,0.0482,0.0,-0.0383791841001436,0.0435,0.0,4.289613965331729
hcp,chcp,shape,221,52,0.0492,0.0,-0.0383791841001436,0.0464,0.0,4.289613965331729
hcp,chcp,shape,221,67,0.0537,0.0,-0.0383791841001436,0.0492,0.0,4.289613965331729
hcp,chcp,shape,221,85,0.0554,0.0,-0.0383791841001436,0.0489,0.0,4.289613965331729
hcp,chcp,shape,221,108,0.0571,0.0,-0.0383791841001436,0.0458,0.0,4.289613965331729
hcp,chcp,shape,221,137,0.0591,0.0,-0.0383791841001436,0.0473,0.0,4.289613965331729
hcp,chcp,shape,221,174,0.0591,0.0,-0.0383791841001436,0.0453,0.0,4.289613965331729
hcp,chcp,shape,221,221,0.0599,0.0,-0.0383791841001436,0.0364,0.0,4.289613965331729
hcp,chcp,shape,221,265,0.05,0.0,-0.0383791841001436,0.0339,0.0,4.289613965331729
hcp,chcp,shape,281,20,0.0437,0.0,-0.0383791841001436,0.0464,0.0,4.289613965331729
hcp,chcp,shape,281,25,0.0422,0.0,-0.0383791841001436,0.0428,0.0,4.289613965331729
hcp,chcp,shape,281,32,0.0432,0.0,-0.0383791841001436,0.0446,0.0,4.289613965331729
hcp,chcp,shape,281,41,0.0372,0.0,-0.0383791841001436,0.0406,0.0,4.289613965331729
hcp,chcp,shape,281,52,0.0398,0.0,-0.0383791841001436,0.0428,0.0,4.289613965331729
hcp,chcp,shape,281,67,0.0421,0.0,-0.0383791841001436,0.0437,0.0,4.289613965331729
hcp,chcp,shape,281,85,0.0413,0.0,-0.0383791841001436,0.0355,0.0,4.289613965331729
hcp,chcp,shape,281,108,0.0429,0.0,-0.0383791841001436,0.0369,0.0,4.289613965331729
hcp,chcp,shape,281,137,0.0452,0.0,-0.0383791841001436,0.0363,0.0,4.289613965331729
hcp,chcp,shape,281,174,0.0449,0.0,-0.0383791841001436,0.0348,0.0,4.289613965331729
hcp,chcp,shape,281,221,0.0433,0.0,-0.0383791841001436,0.0303,0.0,4.289613965331729
hcp,chcp,shape,281,265,0.04,0.0,-0.0383791841001436,0.0287,0.0,4.289613965331729
hcp,chcp,shape,358,20,0.0419,0.0,-0.0383791841001436,0.0476,0.0,4.289613965331729
hcp,chcp,shape,358,25,0.0368,0.0,-0.0383791841001436,0.0441,0.0,4.289613965331729
hcp,chcp,shape,358,32,0.0351,0.0,-0.0383791841001436,0.046,0.0,4.289613965331729
hcp,chcp,shape,358,41,0.0308,0.0,-0.0383791841001436,0.0397,0.0,4.289613965331729
hcp,chcp,shape,358,52,0.0319,0.0,-0.0383791841001436,0.0458,0.0,4.289613965331729
hcp,chcp,shape,358,67,0.0291,0.0,-0.0383791841001436,0.0436,0.0,4.289613965331729
hcp,chcp,shape,358,85,0.0312,0.0,-0.0383791841001436,0.0402,0.0,4.289613965331729
hcp,chcp,shape,358,108,0.0343,0.0,-0.0383791841001436,0.0392,0.0,4.289613965331729
hcp,chcp,shape,358,137,0.034,0.0,-0.0383791841001436,0.0389,0.0,4.289613965331729
hcp,chcp,shape,358,174,0.0339,0.0,-0.0383791841001436,0.0393,0.0,4.289613965331729
hcp,chcp,shape,358,221,0.0323,0.0,-0.0383791841001436,0.0355,0.0,4.289613965331729
hcp,chcp,shape,358,265,0.04,0.0,-0.0383791841001436,0.0304,0.0,4.289613965331729
hcp,chcp,shape,455,20,0.0419,0.0,-0.0383791841001436,0.0461,0.0,4.289613965331729
hcp,chcp,shape,455,25,0.0396,0.0,-0.0383791841001436,0.0435,0.0,4.289613965331729
hcp,chcp,shape,455,32,0.0377,0.0,-0.0383791841001436,0.0457,0.0,4.289613965331729
hcp,chcp,shape,455,41,0.0352,0.0,-0.0383791841001436,0.0405,0.0,4.289613965331729
hcp,chcp,shape,455,52,0.0345,0.0,-0.0383791841001436,0.0464,0.0,4.289613965331729
hcp,chcp,shape,455,67,0.0387,0.0,-0.0383791841001436,0.0448,0.0,4.289613965331729
hcp,chcp,shape,455,85,0.0418,0.0,-0.0383791841001436,0.0428,0.0,4.289613965331729
hcp,chcp,shape,455,108,0.049,0.0,-0.0383791841001436,0.0425,0.0,4.289613965331729
hcp,chcp,shape,455,137,0.0517,0.0,-0.0383791841001436,0.0449,0.0,4.289613965331729
hcp,chcp,shape,455,174,0.0581,0.0,-0.0383791841001436,0.0465,0.0,4.289613965331729
hcp,chcp,shape,455,221,0.0648,0.0,-0.0383791841001436,0.0425,0.0,4.289613965331729
hcp,chcp,shape,455,265,0.08,0.0,-0.0383791841001436,0.044,0.0,4.289613965331729
hcp,chcp,shape,578,20,0.0367,0.0,-0.0383791841001436,0.0426,0.0,4.289613965331729
hcp,chcp,shape,578,25,0.0329,0.0,-0.0383791841001436,0.0418,0.0,4.289613965331729
hcp,chcp,shape,578,32,0.0303,0.0,-0.0383791841001436,0.0426,0.0,4.289613965331729
hcp,chcp,shape,578,41,0.029,0.0,-0.0383791841001436,0.0366,0.0,4.289613965331729
hcp,chcp,shape,578,52,0.0282,0.0,-0.0383791841001436,0.0432,0.0,4.289613965331729
hcp,chcp,shape,578,67,0.032,0.0,-0.0383791841001436,0.0387,0.0,4.289613965331729
hcp,chcp,shape,578,85,0.0345,0.0,-0.0383791841001436,0.0345,0.0,4.289613965331729
hcp,chcp,shape,578,108,0.038,0.0,-0.0383791841001436,0.0349,0.0,4.289613965331729
hcp,chcp,shape,578,137,0.039,0.0,-0.0383791841001436,0.0339,0.0,4.289613965331729
hcp,chcp,shape,578,174,0.0424,0.0,-0.0383791841001436,0.0324,0.0,4.289613965331729
hcp,chcp,shape,578,221,0.0483,0.0,-0.0383791841001436,0.0291,0.0,4.289613965331729
hcp,chcp,shape,578,265,0.04,0.0,-0.0383791841001436,0.0251,0.0,4.289613965331729
hcp,chcp,shape,735,20,0.0242,0.0,-0.0383791841001436,0.0412,0.0,4.289613965331729
hcp,chcp,shape,735,25,0.0205,0.0,-0.0383791841001436,0.0329,0.0,4.289613965331729
hcp,chcp,shape,735,32,0.0163,0.0,-0.0383791841001436,0.0324,0.0,4.289613965331729
hcp,chcp,shape,735,41,0.0143,0.0,-0.0383791841001436,0.0309,0.0,4.289613965331729
hcp,chcp,shape,735,52,0.012,0.0,-0.0383791841001436,0.0365,0.0,4.289613965331729
hcp,chcp,shape,735,67,0.0119,0.0,-0.0383791841001436,0.0296,0.0,4.289613965331729
hcp,chcp,shape,735,85,0.0108,0.0,-0.0383791841001436,0.0209,0.0,4.289613965331729
hcp,chcp,shape,735,108,0.0115,0.0,-0.0383791841001436,0.0183,0.0,4.289613965331729
hcp,chcp,shape,735,137,0.011,0.0,-0.0383791841001436,0.0169,0.0,4.289613965331729
hcp,chcp,shape,735,174,0.0114,0.0,-0.0383791841001436,0.0159,0.0,4.289613965331729
hcp,chcp,shape,735,221,0.0098,0.0,-0.0383791841001436,0.0116,0.0,4.289613965331729
hcp,chcp,shape,735,265,0.01,0.0,-0.0383791841001436,0.0074,0.0,4.289613965331729
hcp,chcp,shape,843,20,0.017,0.0,-0.0383791841001436,0.0295,0.0,4.289613965331729
hcp,chcp,shape,843,25,0.012,0.0,-0.0383791841001436,0.0235,0.0,4.289613965331729
hcp,chcp,shape,843,32,0.0083,0.0,-0.0383791841001436,0.0233,0.0,4.289613965331729
hcp,chcp,shape,843,41,0.0072,0.0,-0.0383791841001436,0.0247,0.0,4.289613965331729
hcp,chcp,shape,843,52,0.0035,0.0,-0.0383791841001436,0.0279,0.0,4.289613965331729
hcp,chcp,shape,843,67,0.002,0.0,-0.0383791841001436,0.0199,0.0,4.289613965331729
hcp,chcp,shape,843,85,0.0018,0.0,-0.0383791841001436,0.0097,0.0,4.289613965331729
hcp,chcp,shape,843,108,0.0011,0.0,-0.0383791841001436,0.0073,0.0,4.289613965331729
hcp,chcp,shape,843,137,0.001,0.0,-0.0383791841001436,0.0073,0.0,4.289613965331729
hcp,chcp,shape,843,174,0.0004,0.0,-0.0383791841001436,0.0054,0.0,4.289613965331729
hcp,chcp,shape,843,221,0.0,0.0,-0.0383791841001436,0.003,0.0,4.289613965331729
hcp,chcp,shape,843,265,0.0,0.0,-0.0383791841001436,0.0017,0.0,4.289613965331729
chcp,hcp,shape,20,20,0.0591,0.0,0.0224913055351394,0.1071,0.0,5.122422335903096
chcp,hcp,shape,20,25,0.068,0.0,0.0224913055351394,0.0901,0.0,5.122422335903096
chcp,hcp,shape,20,32,0.0614,0.0,0.0224913055351394,0.0874,0.0,5.122422335903096
chcp,hcp,shape,20,41,0.0517,0.0,0.0224913055351394,0.0635,0.0,5.122422335903096
chcp,hcp,shape,20,52,0.0486,0.0,0.0224913055351394,0.0514,0.0,5.122422335903096
chcp,hcp,shape,20,67,0.0482,0.0,0.0224913055351394,0.0493,0.0,5.122422335903096
chcp,hcp,shape,20,85,0.0625,0.0,0.0224913055351394,0.0582,0.0,5.122422335903096
chcp,hcp,shape,20,108,0.0698,0.0,0.0224913055351394,0.0665,0.0,5.122422335903096
chcp,hcp,shape,20,137,0.0716,0.0,0.0224913055351394,0.0765,0.0,5.122422335903096
chcp,hcp,shape,20,174,0.0875,0.0,0.0224913055351394,0.0937,0.0,5.122422335903096
chcp,hcp,shape,20,221,0.0986,0.0,0.0224913055351394,0.1039,0.0,5.122422335903096
chcp,hcp,shape,20,281,0.1073,0.0,0.0224913055351394,0.1218,0.0,5.122422335903096
chcp,hcp,shape,20,358,0.1306,0.0,0.0224913055351394,0.1387,0.0,5.122422335903096
chcp,hcp,shape,20,455,0.1519,0.0,0.0224913055351394,0.1598,0.0,5.122422335903096
chcp,hcp,shape,20,578,0.1729,0.0,0.0224913055351394,0.1902,0.0,5.122422335903096
chcp,hcp,shape,20,735,0.202,0.0,0.0224913055351394,0.2187,0.0,5.122422335903096
chcp,hcp,shape,20,935,0.2458,0.0,0.0224913055351394,0.2805,0.0,5.122422335903096
chcp,hcp,shape,20,1043,0.25,0.0,0.0224913055351394,0.3004,0.0,5.122422335903096
chcp,hcp,shape,25,20,0.0602,0.0,0.0224913055351394,0.1129,0.0,5.122422335903096
chcp,hcp,shape,25,25,0.0705,0.0,0.0224913055351394,0.0964,0.0,5.122422335903096
chcp,hcp,shape,25,32,0.0638,0.0,0.0224913055351394,0.0888,0.0,5.122422335903096
chcp,hcp,shape,25,41,0.0461,0.0,0.0224913055351394,0.064,0.0,5.122422335903096
chcp,hcp,shape,25,52,0.0477,0.0,0.0224913055351394,0.0555,0.0,5.122422335903096
chcp,hcp,shape,25,67,0.044,0.0,0.0224913055351394,0.0539,0.0,5.122422335903096
chcp,hcp,shape,25,85,0.0626,0.0,0.0224913055351394,0.0619,0.0,5.122422335903096
chcp,hcp,shape,25,108,0.0665,0.0,0.0224913055351394,0.0665,0.0,5.122422335903096
chcp,hcp,shape,25,137,0.065,0.0,0.0224913055351394,0.0747,0.0,5.122422335903096
chcp,hcp,shape,25,174,0.0799,0.0,0.0224913055351394,0.089,0.0,5.122422335903096
chcp,hcp,shape,25,221,0.0887,0.0,0.0224913055351394,0.1015,0.0,5.122422335903096
chcp,hcp,shape,25,281,0.0974,0.0,0.0224913055351394,0.1184,0.0,5.122422335903096
chcp,hcp,shape,25,358,0.1131,0.0,0.0224913055351394,0.1367,0.0,5.122422335903096
chcp,hcp,shape,25,455,0.1321,0.0,0.0224913055351394,0.1524,0.0,5.122422335903096
chcp,hcp,shape,25,578,0.1511,0.0,0.0224913055351394,0.1826,0.0,5.122422335903096
chcp,hcp,shape,25,735,0.1781,0.0,0.0224913055351394,0.2019,0.0,5.122422335903096
chcp,hcp,shape,25,935,0.2324,0.0,0.0224913055351394,0.2347,0.0,5.122422335903096
chcp,hcp,shape,25,1043,0.23,0.0,0.0224913055351394,0.2352,0.0,5.122422335903096
chcp,hcp,shape,32,20,0.0708,0.0,0.0224913055351394,0.1218,0.0,5.122422335903096
chcp,hcp,shape,32,25,0.0787,0.0,0.0224913055351394,0.1014,0.0,5.122422335903096
chcp,hcp,shape,32,32,0.0704,0.0,0.0224913055351394,0.0896,0.0,5.122422335903096
chcp,hcp,shape,32,41,0.0574,0.0,0.0224913055351394,0.0619,0.0,5.122422335903096
chcp,hcp,shape,32,52,0.0578,0.0,0.0224913055351394,0.0578,0.0,5.122422335903096
chcp,hcp,shape,32,67,0.0549,0.0,0.0224913055351394,0.0568,0.0,5.122422335903096
chcp,hcp,shape,32,85,0.0713,0.0,0.0224913055351394,0.0658,0.0,5.122422335903096
chcp,hcp,shape,32,108,0.078,0.0,0.0224913055351394,0.0724,0.0,5.122422335903096
chcp,hcp,shape,32,137,0.0825,0.0,0.0224913055351394,0.0839,0.0,5.122422335903096
chcp,hcp,shape,32,174,0.1,0.0,0.0224913055351394,0.0995,0.0,5.122422335903096
chcp,hcp,shape,32,221,0.1153,0.0,0.0224913055351394,0.1176,0.0,5.122422335903096
chcp,hcp,shape,32,281,0.1242,0.0,0.0224913055351394,0.1362,0.0,5.122422335903096
chcp,hcp,shape,32,358,0.1451,0.0,0.0224913055351394,0.1618,0.0,5.122422335903096
chcp,hcp,shape,32,455,0.1686,0.0,0.0224913055351394,0.1849,0.0,5.122422335903096
chcp,hcp,shape,32,578,0.1877,0.0,0.0224913055351394,0.218,0.0,5.122422335903096
chcp,hcp,shape,32,735,0.2184,0.0,0.0224913055351394,0.2517,0.0,5.122422335903096
chcp,hcp,shape,32,935,0.2686,0.0,0.0224913055351394,0.3113,0.0,5.122422335903096
chcp,hcp,shape,32,1043,0.28,0.0,0.0224913055351394,0.3358,0.0,5.122422335903096
chcp,hcp,shape,41,20,0.0714,0.0,0.0224913055351394,0.1271,0.0,5.122422335903096
chcp,hcp,shape,41,25,0.0851,0.0,0.0224913055351394,0.107,0.0,5.122422335903096
chcp,hcp,shape,41,32,0.0787,0.0,0.0224913055351394,0.0949,0.0,5.122422335903096
chcp,hcp,shape,41,41,0.0615,0.0,0.0224913055351394,0.066,0.0,5.122422335903096
chcp,hcp,shape,41,52,0.0617,0.0,0.0224913055351394,0.0566,0.0,5.122422335903096
chcp,hcp,shape,41,67,0.0604,0.0,0.0224913055351394,0.0586,0.0,5.122422335903096
chcp,hcp,shape,41,85,0.0783,0.0,0.0224913055351394,0.0699,0.0,5.122422335903096
chcp,hcp,shape,41,108,0.0844,0.0,0.0224913055351394,0.0754,0.0,5.122422335903096
chcp,hcp,shape,41,137,0.085,0.0,0.0224913055351394,0.0906,0.0,5.122422335903096
chcp,hcp,shape,41,174,0.1053,0.0,0.0224913055351394,0.1094,0.0,5.122422335903096
chcp,hcp,shape,41,221,0.1151,0.0,0.0224913055351394,0.1237,0.0,5.122422335903096
chcp,hcp,shape,41,281,0.1252,0.0,0.0224913055351394,0.1431,0.0,5.122422335903096
chcp,hcp,shape,41,358,0.1459,0.0,0.0224913055351394,0.1659,0.0,5.122422335903096
chcp,hcp,shape,41,455,0.1649,0.0,0.0224913055351394,0.1896,0.0,5.122422335903096
chcp,hcp,shape,41,578,0.1845,0.0,0.0224913055351394,0.2247,0.0,5.122422335903096
chcp,hcp,shape,41,735,0.2191,0.0,0.0224913055351394,0.2642,0.0,5.122422335903096
chcp,hcp,shape,41,935,0.2752,0.0,0.0224913055351394,0.3219,0.0,5.122422335903096
chcp,hcp,shape,41,1043,0.28,0.0,0.0224913055351394,0.3261,0.0,5.122422335903096
chcp,hcp,shape,52,20,0.0697,0.0,0.0224913055351394,0.1205,0.0,5.122422335903096
chcp,hcp,shape,52,25,0.0818,0.0,0.0224913055351394,0.0985,0.0,5.122422335903096
chcp,hcp,shape,52,32,0.0732,0.0,0.0224913055351394,0.0854,0.0,5.122422335903096
chcp,hcp,shape,52,41,0.06,0.0,0.0224913055351394,0.0614,0.0,5.122422335903096
chcp,hcp,shape,52,52,0.0612,0.0,0.0224913055351394,0.0557,0.0,5.122422335903096
chcp,hcp,shape,52,67,0.0601,0.0,0.0224913055351394,0.0535,0.0,5.122422335903096
chcp,hcp,shape,52,85,0.0782,0.0,0.0224913055351394,0.0673,0.0,5.122422335903096
chcp,hcp,shape,52,108,0.0855,0.0,0.0224913055351394,0.0726,0.0,5.122422335903096
chcp,hcp,shape,52,137,0.0818,0.0,0.0224913055351394,0.089,0.0,5.122422335903096
chcp,hcp,shape,52,174,0.1013,0.0,0.0224913055351394,0.1043,0.0,5.122422335903096
chcp,hcp,shape,52,221,0.1167,0.0,0.0224913055351394,0.1168,0.0,5.122422335903096
chcp,hcp,shape,52,281,0.1289,0.0,0.0224913055351394,0.1356,0.0,5.122422335903096
chcp,hcp,shape,52,358,0.1481,0.0,0.0224913055351394,0.1559,0.0,5.122422335903096
chcp,hcp,shape,52,455,0.1732,0.0,0.0224913055351394,0.1826,0.0,5.122422335903096
chcp,hcp,shape,52,578,0.1969,0.0,0.0224913055351394,0.2139,0.0,5.122422335903096
chcp,hcp,shape,52,735,0.2307,0.0,0.0224913055351394,0.2473,0.0,5.122422335903096
chcp,hcp,shape,52,935,0.285,0.0,0.0224913055351394,0.2977,0.0,5.122422335903096
chcp,hcp,shape,52,1043,0.32,0.0,0.0224913055351394,0.3126,0.0,5.122422335903096
chcp,hcp,shape,67,20,0.0726,0.0,0.0224913055351394,0.1281,0.0,5.122422335903096
chcp,hcp,shape,67,25,0.086,0.0,0.0224913055351394,0.1026,0.0,5.122422335903096
chcp,hcp,shape,67,32,0.0765,0.0,0.0224913055351394,0.0885,0.0,5.122422335903096
chcp,hcp,shape,67,41,0.0622,0.0,0.0224913055351394,0.0642,0.0,5.122422335903096
chcp,hcp,shape,67,52,0.0635,0.0,0.0224913055351394,0.059,0.0,5.122422335903096
chcp,hcp,shape,67,67,0.0602,0.0,0.0224913055351394,0.0603,0.0,5.122422335903096
chcp,hcp,shape,67,85,0.0763,0.0,0.0224913055351394,0.0715,0.0,5.122422335903096
chcp,hcp,shape,67,108,0.0804,0.0,0.0224913055351394,0.0759,0.0,5.122422335903096
chcp,hcp,shape,67,137,0.0835,0.0,0.0224913055351394,0.0866,0.0,5.122422335903096
chcp,hcp,shape,67,174,0.098,0.0,0.0224913055351394,0.1073,0.0,5.122422335903096
chcp,hcp,shape,67,221,0.1142,0.0,0.0224913055351394,0.1258,0.0,5.122422335903096
chcp,hcp,shape,67,281,0.1295,0.0,0.0224913055351394,0.1491,0.0,5.122422335903096
chcp,hcp,shape,67,358,0.145,0.0,0.0224913055351394,0.1671,0.0,5.122422335903096
chcp,hcp,shape,67,455,0.1685,0.0,0.0224913055351394,0.1897,0.0,5.122422335903096
chcp,hcp,shape,67,578,0.1952,0.0,0.0224913055351394,0.2254,0.0,5.122422335903096
chcp,hcp,shape,67,735,0.2251,0.0,0.0224913055351394,0.2567,0.0,5.122422335903096
chcp,hcp,shape,67,935,0.2857,0.0,0.0224913055351394,0.3068,0.0,5.122422335903096
chcp,hcp,shape,67,1043,0.31,0.0,0.0224913055351394,0.3123,0.0,5.122422335903096
chcp,hcp,shape,85,20,0.0743,0.0,0.0224913055351394,0.1299,0.0,5.122422335903096
chcp,hcp,shape,85,25,0.0895,0.0,0.0224913055351394,0.1032,0.0,5.122422335903096
chcp,hcp,shape,85,32,0.0797,0.0,0.0224913055351394,0.0921,0.0,5.122422335903096
chcp,hcp,shape,85,41,0.0636,0.0,0.0224913055351394,0.0648,0.0,5.122422335903096
chcp,hcp,shape,85,52,0.0636,0.0,0.0224913055351394,0.0607,0.0,5.122422335903096
chcp,hcp,shape,85,67,0.0625,0.0,0.0224913055351394,0.0575,0.0,5.122422335903096
chcp,hcp,shape,85,85,0.0793,0.0,0.0224913055351394,0.0681,0.0,5.122422335903096
chcp,hcp,shape,85,108,0.084,0.0,0.0224913055351394,0.0746,0.0,5.122422335903096
chcp,hcp,shape,85,137,0.0838,0.0,0.0224913055351394,0.0897,0.0,5.122422335903096
chcp,hcp,shape,85,174,0.0948,0.0,0.0224913055351394,0.1043,0.0,5.122422335903096
chcp,hcp,shape,85,221,0.1057,0.0,0.0224913055351394,0.1231,0.0,5.122422335903096
chcp,hcp,shape,85,281,0.1185,0.0,0.0224913055351394,0.1475,0.0,5.122422335903096
chcp,hcp,shape,85,358,0.132,0.0,0.0224913055351394,0.1573,0.0,5.122422335903096
chcp,hcp,shape,85,455,0.1541,0.0,0.0224913055351394,0.1778,0.0,5.122422335903096
chcp,hcp,shape,85,578,0.1794,0.0,0.0224913055351394,0.2232,0.0,5.122422335903096
chcp,hcp,shape,85,735,0.2289,0.0,0.0224913055351394,0.2587,0.0,5.122422335903096
chcp,hcp,shape,85,935,0.3082,0.0,0.0224913055351394,0.3384,0.0,5.122422335903096
chcp,hcp,shape,85,1043,0.35,0.0,0.0224913055351394,0.3566,0.0,5.122422335903096
chcp,hcp,shape,108,20,0.0713,0.0,0.0224913055351394,0.1219,0.0,5.122422335903096
chcp,hcp,shape,108,25,0.0826,0.0,0.0224913055351394,0.0976,0.0,5.122422335903096
chcp,hcp,shape,108,32,0.0722,0.0,0.0224913055351394,0.0898,0.0,5.122422335903096
chcp,hcp,shape,108,41,0.0609,0.0,0.0224913055351394,0.0677,0.0,5.122422335903096
chcp,hcp,shape,108,52,0.0586,0.0,0.0224913055351394,0.0627,0.0,5.122422335903096
chcp,hcp,shape,108,67,0.0587,0.0,0.0224913055351394,0.056,0.0,5.122422335903096
chcp,hcp,shape,108,85,0.0678,0.0,0.0224913055351394,0.0649,0.0,5.122422335903096
chcp,hcp,shape,108,108,0.0701,0.0,0.0224913055351394,0.0691,0.0,5.122422335903096
chcp,hcp,shape,108,137,0.0693,0.0,0.0224913055351394,0.0807,0.0,5.122422335903096
chcp,hcp,shape,108,174,0.0768,0.0,0.0224913055351394,0.0876,0.0,5.122422335903096
chcp,hcp,shape,108,221,0.0894,0.0,0.0224913055351394,0.1014,0.0,5.122422335903096
chcp,hcp,shape,108,281,0.097,0.0,0.0224913055351394,0.1206,0.0,5.122422335903096
chcp,hcp,shape,108,358,0.1112,0.0,0.0224913055351394,0.1316,0.0,5.122422335903096
chcp,hcp,shape,108,455,0.1276,0.0,0.0224913055351394,0.1498,0.0,5.122422335903096
chcp,hcp,shape,108,578,0.1498,0.0,0.0224913055351394,0.1771,0.0,5.122422335903096
chcp,hcp,shape,108,735,0.1793,0.0,0.0224913055351394,0.2008,0.0,5.122422335903096
chcp,hcp,shape,108,935,0.2249,0.0,0.0224913055351394,0.2488,0.0,5.122422335903096
chcp,hcp,shape,108,1043,0.25,0.0,0.0224913055351394,0.2534,0.0,5.122422335903096
chcp,hcp,shape,137,20,0.0696,0.0,0.0224913055351394,0.1103,0.0,5.122422335903096
chcp,hcp,shape,137,25,0.0756,0.0,0.0224913055351394,0.0863,0.0,5.122422335903096
chcp,hcp,shape,137,32,0.0678,0.0,0.0224913055351394,0.0773,0.0,5.122422335903096
chcp,hcp,shape,137,41,0.0528,0.0,0.0224913055351394,0.0561,0.0,5.122422335903096
chcp,hcp,shape,137,52,0.05,0.0,0.0224913055351394,0.0514,0.0,5.122422335903096
chcp,hcp,shape,137,67,0.0515,0.0,0.0224913055351394,0.0505,0.0,5.122422335903096
chcp,hcp,shape,137,85,0.0631,0.0,0.0224913055351394,0.0605,0.0,5.122422335903096
chcp,hcp,shape,137,108,0.0632,0.0,0.0224913055351394,0.0619,0.0,5.122422335903096
chcp,hcp,shape,137,137,0.0625,0.0,0.0224913055351394,0.0721,0.0,5.122422335903096
chcp,hcp,shape,137,174,0.0622,0.0,0.0224913055351394,0.0727,0.0,5.122422335903096
chcp,hcp,shape,137,221,0.0689,0.0,0.0224913055351394,0.0823,0.0,5.122422335903096
chcp,hcp,shape,137,281,0.0714,0.0,0.0224913055351394,0.0953,0.0,5.122422335903096
chcp,hcp,shape,137,358,0.0761,0.0,0.0224913055351394,0.0929,0.0,5.122422335903096
chcp,hcp,shape,137,455,0.083,0.0,0.0224913055351394,0.1037,0.0,5.122422335903096
chcp,hcp,shape,137,578,0.0957,0.0,0.0224913055351394,0.1228,0.0,5.122422335903096
chcp,hcp,shape,137,735,0.1098,0.0,0.0224913055351394,0.1345,0.0,5.122422335903096
chcp,hcp,shape,137,935,0.1418,0.0,0.0224913055351394,0.1753,0.0,5.122422335903096
chcp,hcp,shape,137,1043,0.12,0.0,0.0224913055351394,0.1827,0.0,5.122422335903096
chcp,hcp,shape,174,20,0.0658,0.0,0.0224913055351394,0.1051,0.0,5.122422335903096
chcp,hcp,shape,174,25,0.0735,0.0,0.0224913055351394,0.0794,0.0,5.122422335903096
chcp,hcp,shape,174,32,0.0687,0.0,0.0224913055351394,0.0725,0.0,5.122422335903096
chcp,hcp,shape,174,41,0.0558,0.0,0.0224913055351394,0.058,0.0,5.122422335903096
chcp,hcp,shape,174,52,0.0523,0.0,0.0224913055351394,0.055,0.0,5.122422335903096
chcp,hcp,shape,174,67,0.0547,0.0,0.0224913055351394,0.0559,0.0,5.122422335903096
chcp,hcp,shape,174,85,0.0619,0.0,0.0224913055351394,0.0586,0.0,5.122422335903096
chcp,hcp,shape,174,108,0.0599,0.0,0.0224913055351394,0.06,0.0,5.122422335903096
chcp,hcp,shape,174,137,0.0604,0.0,0.0224913055351394,0.0716,0.0,5.122422335903096
chcp,hcp,shape,174,174,0.061,0.0,0.0224913055351394,0.068,0.0,5.122422335903096
chcp,hcp,shape,174,221,0.066,0.0,0.0224913055351394,0.0771,0.0,5.122422335903096
chcp,hcp,shape,174,281,0.0691,0.0,0.0224913055351394,0.09,0.0,5.122422335903096
chcp,hcp,shape,174,358,0.0703,0.0,0.0224913055351394,0.089,0.0,5.122422335903096
chcp,hcp,shape,174,455,0.0743,0.0,0.0224913055351394,0.0913,0.0,5.122422335903096
chcp,hcp,shape,174,578,0.083,0.0,0.0224913055351394,0.1076,0.0,5.122422335903096
chcp,hcp,shape,174,735,0.0996,0.0,0.0224913055351394,0.1204,0.0,5.122422335903096
chcp,hcp,shape,174,935,0.126,0.0,0.0224913055351394,0.1557,0.0,5.122422335903096
chcp,hcp,shape,174,1043,0.14,0.0,0.0224913055351394,0.1608,0.0,5.122422335903096
chcp,hcp,shape,190,20,0.0658,0.0,0.0224913055351394,0.1092,0.0,5.122422335903096
chcp,hcp,shape,190,25,0.0761,0.0,0.0224913055351394,0.0827,0.0,5.122422335903096
chcp,hcp,shape,190,32,0.0696,0.0,0.0224913055351394,0.0745,0.0,5.122422335903096
chcp,hcp,shape,190,41,0.0546,0.0,0.0224913055351394,0.0574,0.0,5.122422335903096
chcp,hcp,shape,190,52,0.0521,0.0,0.0224913055351394,0.0535,0.0,5.122422335903096
chcp,hcp,shape,190,67,0.0549,0.0,0.0224913055351394,0.0517,0.0,5.122422335903096
chcp,hcp,shape,190,85,0.0617,0.0,0.0224913055351394,0.0545,0.0,5.122422335903096
chcp,hcp,shape,190,108,0.0557,0.0,0.0224913055351394,0.0605,0.0,5.122422335903096
chcp,hcp,shape,190,137,0.0612,0.0,0.0224913055351394,0.0654,0.0,5.122422335903096
chcp,hcp,shape,190,174,0.0601,0.0,0.0224913055351394,0.0648,0.0,5.122422335903096
chcp,hcp,shape,190,221,0.0644,0.0,0.0224913055351394,0.0753,0.0,5.122422335903096
chcp,hcp,shape,190,281,0.067,0.0,0.0224913055351394,0.0821,0.0,5.122422335903096
chcp,hcp,shape,190,358,0.0686,0.0,0.0224913055351394,0.0851,0.0,5.122422335903096
chcp,hcp,shape,190,455,0.0755,0.0,0.0224913055351394,0.0874,0.0,5.122422335903096
chcp,hcp,shape,190,578,0.0842,0.0,0.0224913055351394,0.0985,0.0,5.122422335903096
chcp,hcp,shape,190,735,0.0962,0.0,0.0224913055351394,0.1101,0.0,5.122422335903096
chcp,hcp,shape,190,935,0.1096,0.0,0.0224913055351394,0.1351,0.0,5.122422335903096
chcp,hcp,shape,190,1043,0.12,0.0,0.0224913055351394,0.1288,0.0,5.122422335903096
